year,event,driver,in_lap,pit_loss_s
2022,Bahrain Grand Prix,ALB,13,24.211
2022,Bahrain Grand Prix,ALB,35,25.66
2022,Bahrain Grand Prix,ALO,11,24.7
2022,Bahrain Grand Prix,ALO,25,24.14
2022,Bahrain Grand Prix,ALO,42,20.673
2022,Bahrain Grand Prix,BOT,14,24.892
2022,Bahrain Grand Prix,BOT,36,21.685
2022,Bahrain Grand Prix,GAS,14,26.293
2022,Bahrain Grand Prix,GAS,32,24.004
2022,Bahrain Grand Prix,HAM,11,29.881
2022,Bahrain Grand Prix,HAM,27,26.181
2022,Bahrain Grand Prix,HUL,19,27.637
2022,Bahrain Grand Prix,HUL,37,24.533
2022,Bahrain Grand Prix,LAT,14,21.57
2022,Bahrain Grand Prix,LAT,32,25.618
2022,Bahrain Grand Prix,LEC,15,24.197
2022,Bahrain Grand Prix,LEC,31,22.366
2022,Bahrain Grand Prix,MAG,14,25.83
2022,Bahrain Grand Prix,MAG,34,25.453
2022,Bahrain Grand Prix,MSC,12,24.306
2022,Bahrain Grand Prix,MSC,35,21.136
2022,Bahrain Grand Prix,NOR,24,24.588
2022,Bahrain Grand Prix,NOR,41,19.55
2022,Bahrain Grand Prix,OCO,14,31.222
2022,Bahrain Grand Prix,OCO,30,24.95
2022,Bahrain Grand Prix,OCO,43,19.919
2022,Bahrain Grand Prix,PER,15,24.993
2022,Bahrain Grand Prix,PER,33,22.614
2022,Bahrain Grand Prix,PER,43,20.439
2022,Bahrain Grand Prix,RIC,17,25.017
2022,Bahrain Grand Prix,RIC,33,24.955
2022,Bahrain Grand Prix,RUS,15,27.675
2022,Bahrain Grand Prix,RUS,33,23.676
2022,Bahrain Grand Prix,SAI,14,24.872
2022,Bahrain Grand Prix,SAI,33,22.532
2022,Bahrain Grand Prix,STR,18,24.145
2022,Bahrain Grand Prix,STR,38,24.519
2022,Bahrain Grand Prix,TSU,15,27.313
2022,Bahrain Grand Prix,TSU,29,23.652
2022,Bahrain Grand Prix,VER,14,23.181
2022,Bahrain Grand Prix,VER,30,22.498
2022,Bahrain Grand Prix,VER,43,20.751
2022,Bahrain Grand Prix,ZHO,15,25.2
2022,Bahrain Grand Prix,ZHO,37,23.103
2022,Saudi Arabian Grand Prix,ALB,13,23.751
2022,Saudi Arabian Grand Prix,BOT,35,41.159
2022,Saudi Arabian Grand Prix,RIC,8,22.514
2022,Saudi Arabian Grand Prix,STR,13,25.674
2022,Saudi Arabian Grand Prix,ZHO,27,14.55
2022,Australian Grand Prix,ALB,57,16.483
2022,Australian Grand Prix,ALO,53,24.087
2022,Australian Grand Prix,GAS,21,21.741
2022,Australian Grand Prix,LAT,13,27.046
2022,Australian Grand Prix,MSC,14,24.302
2022,Australian Grand Prix,NOR,20,20.384
2022,Australian Grand Prix,OCO,17,22.997
2022,Australian Grand Prix,PER,20,25.164
2022,Australian Grand Prix,RIC,21,22.457
2022,Australian Grand Prix,TSU,18,21.776
2022,Australian Grand Prix,VER,18,21.043
2022,Australian Grand Prix,ZHO,21,23.002
2022,Emilia Romagna Grand Prix,ALB,17,50.566
2022,Emilia Romagna Grand Prix,BOT,18,59.791
2022,Emilia Romagna Grand Prix,GAS,17,50.586
2022,Emilia Romagna Grand Prix,HAM,18,55.877
2022,Emilia Romagna Grand Prix,LAT,18,54.531
2022,Emilia Romagna Grand Prix,LEC,19,48.963
2022,Emilia Romagna Grand Prix,LEC,49,29.126
2022,Emilia Romagna Grand Prix,LEC,53,44.384
2022,Emilia Romagna Grand Prix,MAG,18,57.059
2022,Emilia Romagna Grand Prix,MSC,18,54.829
2022,Emilia Romagna Grand Prix,MSC,52,27.373
2022,Emilia Romagna Grand Prix,NOR,19,47.206
2022,Emilia Romagna Grand Prix,OCO,18,52.659
2022,Emilia Romagna Grand Prix,PER,18,51.603
2022,Emilia Romagna Grand Prix,PER,50,28.555
2022,Emilia Romagna Grand Prix,RIC,16,52.903
2022,Emilia Romagna Grand Prix,RIC,30,32.505
2022,Emilia Romagna Grand Prix,RUS,18,50.008
2022,Emilia Romagna Grand Prix,STR,18,52.874
2022,Emilia Romagna Grand Prix,TSU,18,54.218
2022,Emilia Romagna Grand Prix,VER,19,48.42
2022,Emilia Romagna Grand Prix,VER,51,28.33
2022,Emilia Romagna Grand Prix,VET,17,52.093
2022,Emilia Romagna Grand Prix,ZHO,18,56.41
2022,Miami Grand Prix,ALB,16,22.487
2022,Miami Grand Prix,ALO,15,24.393
2022,Miami Grand Prix,BOT,26,20.768
2022,Miami Grand Prix,GAS,16,20.523
2022,Miami Grand Prix,HAM,22,20.304
2022,Miami Grand Prix,LAT,34,21.758
2022,Miami Grand Prix,LEC,24,23.647
2022,Miami Grand Prix,MAG,12,21.55
2022,Miami Grand Prix,MSC,14,23.019
2022,Miami Grand Prix,MSC,54,42.716
2022,Miami Grand Prix,NOR,18,23.93
2022,Miami Grand Prix,PER,27,20.271
2022,Miami Grand Prix,RIC,30,21.706
2022,Miami Grand Prix,SAI,27,24.032
2022,Miami Grand Prix,TSU,11,20.971
2022,Miami Grand Prix,VER,26,20.002
2022,Spanish Grand Prix,ALB,11,22.76
2022,Spanish Grand Prix,ALB,25,23.07
2022,Spanish Grand Prix,ALB,45,23.586
2022,Spanish Grand Prix,ALB,54,23.77
2022,Spanish Grand Prix,ALO,10,24.744
2022,Spanish Grand Prix,ALO,31,22.427
2022,Spanish Grand Prix,ALO,53,23.225
2022,Spanish Grand Prix,BOT,14,24.053
2022,Spanish Grand Prix,BOT,34,21.318
2022,Spanish Grand Prix,GAS,10,24.114
2022,Spanish Grand Prix,GAS,29,28.233
2022,Spanish Grand Prix,GAS,46,21.205
2022,Spanish Grand Prix,HAM,1,55.557
2022,Spanish Grand Prix,HAM,22,25.633
2022,Spanish Grand Prix,HAM,48,19.518
2022,Spanish Grand Prix,LAT,12,24.039
2022,Spanish Grand Prix,LAT,26,22.584
2022,Spanish Grand Prix,LAT,50,22.707
2022,Spanish Grand Prix,LEC,21,22.745
2022,Spanish Grand Prix,MAG,29,29.706
2022,Spanish Grand Prix,MSC,12,24.542
2022,Spanish Grand Prix,MSC,30,21.762
2022,Spanish Grand Prix,NOR,12,21.981
2022,Spanish Grand Prix,NOR,33,24.241
2022,Spanish Grand Prix,NOR,51,18.431
2022,Spanish Grand Prix,OCO,13,22.833
2022,Spanish Grand Prix,OCO,35,22.217
2022,Spanish Grand Prix,OCO,52,18.987
2022,Spanish Grand Prix,PER,17,22.92
2022,Spanish Grand Prix,PER,37,21.394
2022,Spanish Grand Prix,PER,53,21.181
2022,Spanish Grand Prix,RIC,11,25.095
2022,Spanish Grand Prix,RIC,31,23.15
2022,Spanish Grand Prix,RIC,48,21.286
2022,Spanish Grand Prix,RUS,13,21.712
2022,Spanish Grand Prix,RUS,36,21.08
2022,Spanish Grand Prix,RUS,51,18.333
2022,Spanish Grand Prix,SAI,10,24.561
2022,Spanish Grand Prix,SAI,31,22.706
2022,Spanish Grand Prix,SAI,45,20.47
2022,Spanish Grand Prix,STR,14,25.531
2022,Spanish Grand Prix,STR,27,37.736
2022,Spanish Grand Prix,STR,46,22.987
2022,Spanish Grand Prix,TSU,11,24.917
2022,Spanish Grand Prix,TSU,32,23.565
2022,Spanish Grand Prix,TSU,52,21.085
2022,Spanish Grand Prix,VER,13,23.278
2022,Spanish Grand Prix,VER,28,21.277
2022,Spanish Grand Prix,VER,44,20.316
2022,Spanish Grand Prix,VET,21,23.913
2022,Spanish Grand Prix,VET,42,22.115
2022,Spanish Grand Prix,ZHO,10,22.361
2022,Monaco Grand Prix,ALB,18,46.063
2022,Monaco Grand Prix,ALO,21,42.434
2022,Monaco Grand Prix,BOT,20,43.528
2022,Monaco Grand Prix,GAS,22,45.644
2022,Monaco Grand Prix,HAM,15,42.231
2022,Monaco Grand Prix,HAM,22,34.479
2022,Monaco Grand Prix,LAT,19,51.721
2022,Monaco Grand Prix,LEC,18,43.213
2022,Monaco Grand Prix,LEC,21,41.365
2022,Monaco Grand Prix,MSC,4,33.526
2022,Monaco Grand Prix,MSC,17,29.992
2022,Monaco Grand Prix,NOR,17,43.65
2022,Monaco Grand Prix,NOR,22,36.474
2022,Monaco Grand Prix,NOR,51,22.585
2022,Monaco Grand Prix,OCO,21,44.026
2022,Monaco Grand Prix,PER,16,42.843
2022,Monaco Grand Prix,PER,22,40.184
2022,Monaco Grand Prix,RIC,19,51.866
2022,Monaco Grand Prix,RUS,21,42.092
2022,Monaco Grand Prix,SAI,21,43.8
2022,Monaco Grand Prix,TSU,21,40.159
2022,Monaco Grand Prix,TSU,56,31.882
2022,Monaco Grand Prix,VER,18,39.977
2022,Monaco Grand Prix,VER,22,38.164
2022,Monaco Grand Prix,VET,23,35.568
2022,Monaco Grand Prix,ZHO,19,48.821
2022,Azerbaijan Grand Prix,ALB,29,21.377
2022,Azerbaijan Grand Prix,ALO,18,23.523
2022,Azerbaijan Grand Prix,LAT,3,32.769
2022,Azerbaijan Grand Prix,LAT,17,25.546
2022,Azerbaijan Grand Prix,MSC,23,26.171
2022,Azerbaijan Grand Prix,NOR,20,25.188
2022,Azerbaijan Grand Prix,PER,16,26.448
2022,Azerbaijan Grand Prix,STR,30,21.126
2022,Azerbaijan Grand Prix,TSU,38,39.324
2022,Azerbaijan Grand Prix,VER,18,22.339
2022,Canadian Grand Prix,ALO,28,20.245
2022,Canadian Grand Prix,GAS,5,19.848
2022,Canadian Grand Prix,GAS,36,19.41
2022,Canadian Grand Prix,HAM,44,19.332
2022,Canadian Grand Prix,LAT,37,28.593
2022,Canadian Grand Prix,LEC,41,20.827
2022,Canadian Grand Prix,NOR,42,18.269
2022,Canadian Grand Prix,RUS,45,18.81
2022,Canadian Grand Prix,VER,43,18.071
2022,Canadian Grand Prix,VET,5,19.143
2022,British Grand Prix,ALO,33,20.618
2022,British Grand Prix,GAS,16,22.796
2022,British Grand Prix,HAM,33,23.162
2022,British Grand Prix,LAT,19,20.752
2022,British Grand Prix,LEC,25,21.057
2022,British Grand Prix,MAG,22,19.511
2022,British Grand Prix,MSC,19,22.613
2022,British Grand Prix,NOR,34,19.532
2022,British Grand Prix,OCO,22,22.759
2022,British Grand Prix,PER,5,32.964
2022,British Grand Prix,RIC,20,24.118
2022,British Grand Prix,RIC,32,26.974
2022,British Grand Prix,SAI,20,21.207
2022,British Grand Prix,STR,15,23.864
2022,British Grand Prix,TSU,18,28.603
2022,British Grand Prix,VER,12,22.573
2022,British Grand Prix,VER,23,24.81
2022,British Grand Prix,VET,6,23.424
2022,Austrian Grand Prix,ALB,11,21.036
2022,Austrian Grand Prix,ALB,41,20.58
2022,Austrian Grand Prix,ALO,27,21.134
2022,Austrian Grand Prix,BOT,6,23.979
2022,Austrian Grand Prix,BOT,39,21.501
2022,Austrian Grand Prix,GAS,12,23.48
2022,Austrian Grand Prix,GAS,40,28.729
2022,Austrian Grand Prix,HAM,28,23.974
2022,Austrian Grand Prix,HAM,51,22.464
2022,Austrian Grand Prix,LAT,12,19.717
2022,Austrian Grand Prix,LAT,35,19.37
2022,Austrian Grand Prix,LEC,26,21.514
2022,Austrian Grand Prix,LEC,49,20.811
2022,Austrian Grand Prix,MAG,15,21.746
2022,Austrian Grand Prix,MAG,41,22.354
2022,Austrian Grand Prix,MSC,16,22.159
2022,Austrian Grand Prix,MSC,43,22.928
2022,Austrian Grand Prix,NOR,14,21.711
2022,Austrian Grand Prix,NOR,43,26.194
2022,Austrian Grand Prix,OCO,16,21.332
2022,Austrian Grand Prix,OCO,44,21.61
2022,Austrian Grand Prix,PER,1,58.835
2022,Austrian Grand Prix,RIC,12,20.963
2022,Austrian Grand Prix,RIC,44,19.923
2022,Austrian Grand Prix,RUS,11,38.093
2022,Austrian Grand Prix,RUS,40,21.856
2022,Austrian Grand Prix,SAI,27,20.892
2022,Austrian Grand Prix,SAI,50,19.39
2022,Austrian Grand Prix,STR,29,22.127
2022,Austrian Grand Prix,STR,48,21.1
2022,Austrian Grand Prix,TSU,26,22.47
2022,Austrian Grand Prix,TSU,46,20.917
2022,Austrian Grand Prix,VER,13,21.74
2022,Austrian Grand Prix,VER,36,21.167
2022,Austrian Grand Prix,VET,20,21.95
2022,Austrian Grand Prix,VET,44,20.697
2022,Austrian Grand Prix,ZHO,24,26.707
2022,Austrian Grand Prix,ZHO,46,27.334
2022,French Grand Prix,BOT,36,26.019
2022,French Grand Prix,LAT,38,46.602
2022,French Grand Prix,MAG,8,29.02
2022,French Grand Prix,MSC,9,29.308
2022,French Grand Prix,SAI,42,32.662
2022,French Grand Prix,TSU,11,32.591
2022,French Grand Prix,VER,16,27.211
2022,French Grand Prix,ZHO,9,28.915
2022,French Grand Prix,ZHO,22,52.656
2022,Hungarian Grand Prix,ALB,21,24.424
2022,Hungarian Grand Prix,ALB,40,21.694
2022,Hungarian Grand Prix,ALO,21,22.652
2022,Hungarian Grand Prix,BOT,26,22.758
2022,Hungarian Grand Prix,GAS,16,24.807
2022,Hungarian Grand Prix,GAS,46,20.567
2022,Hungarian Grand Prix,HAM,19,23.225
2022,Hungarian Grand Prix,HAM,51,22.18
2022,Hungarian Grand Prix,LAT,18,23.487
2022,Hungarian Grand Prix,LAT,39,22.851
2022,Hungarian Grand Prix,LAT,56,31.491
2022,Hungarian Grand Prix,LEC,21,21.026
2022,Hungarian Grand Prix,LEC,39,24.457
2022,Hungarian Grand Prix,LEC,54,23.841
2022,Hungarian Grand Prix,MAG,6,30.586
2022,Hungarian Grand Prix,MAG,35,23.599
2022,Hungarian Grand Prix,MSC,21,24.522
2022,Hungarian Grand Prix,MSC,41,22.982
2022,Hungarian Grand Prix,NOR,14,26.165
2022,Hungarian Grand Prix,NOR,42,23.858
2022,Hungarian Grand Prix,OCO,23,24.736
2022,Hungarian Grand Prix,PER,18,23.537
2022,Hungarian Grand Prix,PER,42,23.765
2022,Hungarian Grand Prix,RIC,15,23.788
2022,Hungarian Grand Prix,RIC,46,27.307
2022,Hungarian Grand Prix,RUS,16,23.323
2022,Hungarian Grand Prix,RUS,39,21.187
2022,Hungarian Grand Prix,SAI,17,23.569
2022,Hungarian Grand Prix,SAI,47,22.013
2022,Hungarian Grand Prix,STR,14,22.86
2022,Hungarian Grand Prix,STR,46,28.45
2022,Hungarian Grand Prix,TSU,13,24.344
2022,Hungarian Grand Prix,TSU,33,40.812
2022,Hungarian Grand Prix,TSU,51,28.795
2022,Hungarian Grand Prix,VER,16,20.561
2022,Hungarian Grand Prix,VER,38,18.893
2022,Hungarian Grand Prix,VET,15,22.045
2022,Hungarian Grand Prix,VET,46,24.199
2022,Hungarian Grand Prix,ZHO,27,25.335
2022,Hungarian Grand Prix,ZHO,51,29.268
2022,Belgian Grand Prix,ALB,10,21.595
2022,Belgian Grand Prix,ALB,26,18.857
2022,Belgian Grand Prix,ALO,11,19.251
2022,Belgian Grand Prix,ALO,25,19.298
2022,Belgian Grand Prix,GAS,10,20.234
2022,Belgian Grand Prix,GAS,22,17.742
2022,Belgian Grand Prix,LAT,15,22.674
2022,Belgian Grand Prix,LAT,34,16.247
2022,Belgian Grand Prix,LEC,25,17.977
2022,Belgian Grand Prix,LEC,42,17.645
2022,Belgian Grand Prix,MAG,11,23.878
2022,Belgian Grand Prix,MAG,27,18.199
2022,Belgian Grand Prix,MSC,14,22.366
2022,Belgian Grand Prix,MSC,30,18.207
2022,Belgian Grand Prix,NOR,13,20.326
2022,Belgian Grand Prix,NOR,29,17.179
2022,Belgian Grand Prix,OCO,12,18.832
2022,Belgian Grand Prix,OCO,32,15.995
2022,Belgian Grand Prix,PER,14,18.699
2022,Belgian Grand Prix,PER,27,17.984
2022,Belgian Grand Prix,RIC,12,18.411
2022,Belgian Grand Prix,RIC,32,16.686
2022,Belgian Grand Prix,RUS,13,19.603
2022,Belgian Grand Prix,RUS,29,16.642
2022,Belgian Grand Prix,SAI,11,19.639
2022,Belgian Grand Prix,SAI,25,19.838
2022,Belgian Grand Prix,STR,15,19.389
2022,Belgian Grand Prix,STR,26,21.203
2022,Belgian Grand Prix,TSU,18,26.623
2022,Belgian Grand Prix,TSU,30,17.738
2022,Belgian Grand Prix,VER,15,18.289
2022,Belgian Grand Prix,VER,30,16.14
2022,Belgian Grand Prix,VET,14,20.622
2022,Belgian Grand Prix,VET,33,17.47
2022,Belgian Grand Prix,ZHO,14,19.65
2022,Belgian Grand Prix,ZHO,28,17.668
2022,Dutch Grand Prix,ALB,21,22.311
2022,Dutch Grand Prix,ALB,42,21.679
2022,Dutch Grand Prix,ALO,12,23.221
2022,Dutch Grand Prix,BOT,16,22.415
2022,Dutch Grand Prix,BOT,34,22.119
2022,Dutch Grand Prix,GAS,11,23.92
2022,Dutch Grand Prix,GAS,32,22.19
2022,Dutch Grand Prix,HAM,29,22.208
2022,Dutch Grand Prix,LAT,13,23.039
2022,Dutch Grand Prix,LAT,26,23.97
2022,Dutch Grand Prix,LEC,17,22.078
2022,Dutch Grand Prix,LEC,45,24.117
2022,Dutch Grand Prix,MAG,14,23.107
2022,Dutch Grand Prix,MAG,34,26.282
2022,Dutch Grand Prix,MSC,13,30.283
2022,Dutch Grand Prix,MSC,33,31.996
2022,Dutch Grand Prix,NOR,17,23.851
2022,Dutch Grand Prix,OCO,18,23.884
2022,Dutch Grand Prix,PER,14,22.1
2022,Dutch Grand Prix,PER,40,20.707
2022,Dutch Grand Prix,RIC,11,24.326
2022,Dutch Grand Prix,RIC,27,23.408
2022,Dutch Grand Prix,RUS,31,22.088
2022,Dutch Grand Prix,SAI,14,32.417
2022,Dutch Grand Prix,SAI,43,22.938
2022,Dutch Grand Prix,STR,16,22.698
2022,Dutch Grand Prix,STR,38,23.328
2022,Dutch Grand Prix,TSU,13,22.266
2022,Dutch Grand Prix,VER,18,21.964
2022,Dutch Grand Prix,VET,9,25.161
2022,Dutch Grand Prix,VET,35,24.204
2022,Dutch Grand Prix,ZHO,12,22.485
2022,Dutch Grand Prix,ZHO,37,30.15
2022,Italian Grand Prix,BOT,35,22.424
2022,Italian Grand Prix,DEV,19,26.049
2022,Italian Grand Prix,GAS,18,25.857
2022,Italian Grand Prix,HAM,33,23.308
2022,Italian Grand Prix,LAT,15,27.869
2022,Italian Grand Prix,LEC,33,24.057
2022,Italian Grand Prix,MAG,24,30.944
2022,Italian Grand Prix,MSC,33,24.086
2022,Italian Grand Prix,NOR,35,28.455
2022,Italian Grand Prix,OCO,19,25.407
2022,Italian Grand Prix,PER,7,27.384
2022,Italian Grand Prix,PER,42,21.111
2022,Italian Grand Prix,RIC,19,26.015
2022,Italian Grand Prix,RUS,23,26.253
2022,Italian Grand Prix,SAI,30,22.907
2022,Italian Grand Prix,STR,18,24.883
2022,Italian Grand Prix,TSU,19,25.679
2022,Italian Grand Prix,VER,25,23.941
2022,Italian Grand Prix,ZHO,18,27.199
2022,Singapore Grand Prix,GAS,33,39.146
2022,Singapore Grand Prix,LEC,34,43.017
2022,Singapore Grand Prix,RUS,51,13.799
2022,Singapore Grand Prix,VER,40,35.158
2022,Singapore Grand Prix,VET,34,37.128
2022,Japanese Grand Prix,ALO,8,28.19
2022,Japanese Grand Prix,ALO,22,20.181
2022,Japanese Grand Prix,BOT,6,34.399
2022,Japanese Grand Prix,GAS,7,30.79
2022,Japanese Grand Prix,GAS,19,22.062
2022,Japanese Grand Prix,HAM,7,29.753
2022,Japanese Grand Prix,LEC,7,28.058
2022,Japanese Grand Prix,MAG,7,31.635
2022,Japanese Grand Prix,MSC,11,29.671
2022,Japanese Grand Prix,NOR,6,34.546
2022,Japanese Grand Prix,OCO,7,28.552
2022,Japanese Grand Prix,PER,7,29.352
2022,Japanese Grand Prix,RIC,8,30.886
2022,Japanese Grand Prix,RUS,7,36.561
2022,Japanese Grand Prix,STR,7,31.019
2022,Japanese Grand Prix,STR,19,20.455
2022,Japanese Grand Prix,TSU,7,32.385
2022,Japanese Grand Prix,TSU,20,23.3
2022,Japanese Grand Prix,VER,7,28.364
2022,Japanese Grand Prix,ZHO,9,27.063
2022,Japanese Grand Prix,ZHO,18,21.008
2022,United States Grand Prix,ALB,9,20.479
2022,United States Grand Prix,BOT,10,19.387
2022,United States Grand Prix,GAS,11,21.141
2022,United States Grand Prix,GAS,32,25.732
2022,United States Grand Prix,HAM,12,23.712
2022,United States Grand Prix,HAM,34,19.196
2022,United States Grand Prix,LAT,5,31.324
2022,United States Grand Prix,LEC,35,17.954
2022,United States Grand Prix,MSC,33,20.166
2022,United States Grand Prix,NOR,14,21.914
2022,United States Grand Prix,NOR,34,18.773
2022,United States Grand Prix,OCO,45,19.072
2022,United States Grand Prix,PER,14,21.352
2022,United States Grand Prix,PER,38,18.892
2022,United States Grand Prix,RIC,10,24.618
2022,United States Grand Prix,RIC,35,19.814
2022,United States Grand Prix,RUS,13,27.795
2022,United States Grand Prix,RUS,36,20.142
2022,United States Grand Prix,RUS,54,21.931
2022,United States Grand Prix,STR,15,19.582
2022,United States Grand Prix,TSU,10,20.732
2022,United States Grand Prix,TSU,33,18.587
2022,United States Grand Prix,VER,13,22.419
2022,United States Grand Prix,VER,35,26.633
2022,United States Grand Prix,VET,41,35.23
2022,United States Grand Prix,ZHO,9,25.834
2022,Mexico City Grand Prix,ALB,38,22.873
2022,Mexico City Grand Prix,ALO,40,24.697
2022,Mexico City Grand Prix,BOT,39,24.549
2022,Mexico City Grand Prix,GAS,40,27.813
2022,Mexico City Grand Prix,HAM,29,23.197
2022,Mexico City Grand Prix,LAT,23,25.188
2022,Mexico City Grand Prix,LAT,52,22.145
2022,Mexico City Grand Prix,LEC,28,22.708
2022,Mexico City Grand Prix,MAG,38,23.607
2022,Mexico City Grand Prix,MSC,24,24.115
2022,Mexico City Grand Prix,NOR,31,22.841
2022,Mexico City Grand Prix,OCO,33,22.454
2022,Mexico City Grand Prix,PER,23,25.316
2022,Mexico City Grand Prix,RIC,44,20.587
2022,Mexico City Grand Prix,RUS,34,23.072
2022,Mexico City Grand Prix,RUS,69,27.618
2022,Mexico City Grand Prix,SAI,29,24.15
2022,Mexico City Grand Prix,STR,17,24.556
2022,Mexico City Grand Prix,STR,40,22.236
2022,Mexico City Grand Prix,TSU,29,21.753
2022,Mexico City Grand Prix,VER,25,23.048
2022,Mexico City Grand Prix,VET,38,22.841
2022,Mexico City Grand Prix,ZHO,45,24.096
2022,São Paulo Grand Prix,ALB,25,21.969
2022,São Paulo Grand Prix,ALB,47,20.763
2022,São Paulo Grand Prix,ALO,14,22.575
2022,São Paulo Grand Prix,ALO,35,27.154
2022,São Paulo Grand Prix,BOT,24,22.172
2022,São Paulo Grand Prix,BOT,45,21.458
2022,São Paulo Grand Prix,GAS,19,21.889
2022,São Paulo Grand Prix,GAS,35,20.558
2022,São Paulo Grand Prix,HAM,29,22.769
2022,São Paulo Grand Prix,HAM,48,19.859
2022,São Paulo Grand Prix,LAT,20,29.702
2022,São Paulo Grand Prix,LAT,32,23.419
2022,São Paulo Grand Prix,LEC,7,39.936
2022,São Paulo Grand Prix,LEC,21,22.202
2022,São Paulo Grand Prix,LEC,44,20.227
2022,São Paulo Grand Prix,MSC,24,23.577
2022,São Paulo Grand Prix,MSC,46,23.728
2022,São Paulo Grand Prix,NOR,24,27.838
2022,São Paulo Grand Prix,NOR,45,22.257
2022,São Paulo Grand Prix,OCO,24,23.15
2022,São Paulo Grand Prix,OCO,47,21.658
2022,São Paulo Grand Prix,PER,23,22.603
2022,São Paulo Grand Prix,PER,47,20.667
2022,São Paulo Grand Prix,RUS,24,21.596
2022,São Paulo Grand Prix,RUS,49,20.144
2022,São Paulo Grand Prix,SAI,17,23.699
2022,São Paulo Grand Prix,SAI,36,20.713
2022,São Paulo Grand Prix,STR,29,22.88
2022,São Paulo Grand Prix,STR,48,20.392
2022,São Paulo Grand Prix,TSU,20,22.865
2022,São Paulo Grand Prix,TSU,40,23.378
2022,São Paulo Grand Prix,VER,7,34.558
2022,São Paulo Grand Prix,VER,23,31.262
2022,São Paulo Grand Prix,VER,48,20.243
2022,São Paulo Grand Prix,VET,26,23.667
2022,São Paulo Grand Prix,VET,45,21.598
2022,São Paulo Grand Prix,ZHO,16,21.93
2022,São Paulo Grand Prix,ZHO,37,22.74
2022,Abu Dhabi Grand Prix,ALB,12,23.168
2022,Abu Dhabi Grand Prix,ALB,35,21.994
2022,Abu Dhabi Grand Prix,ALO,19,20.989
2022,Abu Dhabi Grand Prix,BOT,30,24.41
2022,Abu Dhabi Grand Prix,GAS,14,23.583
2022,Abu Dhabi Grand Prix,HAM,18,24.784
2022,Abu Dhabi Grand Prix,LAT,15,25.709
2022,Abu Dhabi Grand Prix,LAT,38,50.393
2022,Abu Dhabi Grand Prix,LEC,21,24.279
2022,Abu Dhabi Grand Prix,MAG,28,23.105
2022,Abu Dhabi Grand Prix,MSC,14,23.437
2022,Abu Dhabi Grand Prix,MSC,34,23.263
2022,Abu Dhabi Grand Prix,NOR,15,24.53
2022,Abu Dhabi Grand Prix,NOR,42,20.512
2022,Abu Dhabi Grand Prix,OCO,14,24.302
2022,Abu Dhabi Grand Prix,OCO,41,21.092
2022,Abu Dhabi Grand Prix,PER,15,26.088
2022,Abu Dhabi Grand Prix,PER,33,21.279
2022,Abu Dhabi Grand Prix,RIC,19,24.778
2022,Abu Dhabi Grand Prix,RUS,15,25.598
2022,Abu Dhabi Grand Prix,RUS,39,26.609
2022,Abu Dhabi Grand Prix,SAI,17,24.01
2022,Abu Dhabi Grand Prix,SAI,39,20.977
2022,Abu Dhabi Grand Prix,STR,13,23.999
2022,Abu Dhabi Grand Prix,STR,40,21.036
2022,Abu Dhabi Grand Prix,TSU,14,24.642
2022,Abu Dhabi Grand Prix,TSU,38,21.704
2022,Abu Dhabi Grand Prix,VER,20,24.91
2022,Abu Dhabi Grand Prix,VET,25,26.007
2022,Abu Dhabi Grand Prix,ZHO,15,24.571
2022,Abu Dhabi Grand Prix,ZHO,44,23.708
2023,Bahrain Grand Prix,ALB,11,27.075
2023,Bahrain Grand Prix,ALB,26,26.162
2023,Bahrain Grand Prix,ALO,14,26.042
2023,Bahrain Grand Prix,ALO,34,21.88
2023,Bahrain Grand Prix,BOT,11,26.523
2023,Bahrain Grand Prix,BOT,29,24.91
2023,Bahrain Grand Prix,DEV,11,28.367
2023,Bahrain Grand Prix,DEV,27,24.115
2023,Bahrain Grand Prix,GAS,9,29.197
2023,Bahrain Grand Prix,GAS,25,25.426
2023,Bahrain Grand Prix,HAM,12,25.907
2023,Bahrain Grand Prix,HAM,30,24.07
2023,Bahrain Grand Prix,HUL,11,32.347
2023,Bahrain Grand Prix,HUL,26,37.946
2023,Bahrain Grand Prix,LEC,13,23.884
2023,Bahrain Grand Prix,LEC,33,23.846
2023,Bahrain Grand Prix,MAG,15,28.114
2023,Bahrain Grand Prix,MAG,29,25.54
2023,Bahrain Grand Prix,NOR,10,36.813
2023,Bahrain Grand Prix,NOR,17,33.514
2023,Bahrain Grand Prix,NOR,27,32.042
2023,Bahrain Grand Prix,NOR,37,32.285
2023,Bahrain Grand Prix,NOR,47,30.744
2023,Bahrain Grand Prix,NOR,54,28.042
2023,Bahrain Grand Prix,OCO,12,25.104
2023,Bahrain Grand Prix,OCO,15,38.507
2023,Bahrain Grand Prix,OCO,32,43.926
2023,Bahrain Grand Prix,PER,17,25.383
2023,Bahrain Grand Prix,PER,34,24.697
2023,Bahrain Grand Prix,RUS,13,30.114
2023,Bahrain Grand Prix,RUS,31,23.883
2023,Bahrain Grand Prix,SAI,13,25.896
2023,Bahrain Grand Prix,SAI,31,23.346
2023,Bahrain Grand Prix,SAR,12,26.114
2023,Bahrain Grand Prix,SAR,30,23.691
2023,Bahrain Grand Prix,STR,15,26.497
2023,Bahrain Grand Prix,STR,30,22.31
2023,Bahrain Grand Prix,TSU,10,27.298
2023,Bahrain Grand Prix,TSU,26,26.233
2023,Bahrain Grand Prix,VER,14,24.531
2023,Bahrain Grand Prix,VER,36,24.312
2023,Bahrain Grand Prix,ZHO,12,27.713
2023,Bahrain Grand Prix,ZHO,32,23.497
2023,Bahrain Grand Prix,ZHO,54,31.382
2023,Saudi Arabian Grand Prix,BOT,9,21.61
2023,Saudi Arabian Grand Prix,BOT,35,20.447
2023,Saudi Arabian Grand Prix,GAS,14,22.075
2023,Saudi Arabian Grand Prix,HUL,11,21.366
2023,Saudi Arabian Grand Prix,MAG,8,21.543
2023,Saudi Arabian Grand Prix,NOR,2,35.481
2023,Saudi Arabian Grand Prix,PIA,1,40.799
2023,Saudi Arabian Grand Prix,SAI,15,22.009
2023,Saudi Arabian Grand Prix,STR,13,21.672
2023,Saudi Arabian Grand Prix,ZHO,11,24.324
2023,Australian Grand Prix,DEV,45,18.752
2023,Australian Grand Prix,SAR,36,20.872
2023,Azerbaijan Grand Prix,ALB,7,23.704
2023,Azerbaijan Grand Prix,BOT,6,21.965
2023,Azerbaijan Grand Prix,BOT,34,20.588
2023,Azerbaijan Grand Prix,GAS,5,24.039
2023,Azerbaijan Grand Prix,GAS,23,22.943
2023,Azerbaijan Grand Prix,HUL,49,24.372
2023,Azerbaijan Grand Prix,OCO,50,17.042
2023,Azerbaijan Grand Prix,PIA,8,22.612
2023,Azerbaijan Grand Prix,RUS,49,23.171
2023,Azerbaijan Grand Prix,SAR,8,24.005
2023,Azerbaijan Grand Prix,TSU,8,23.229
2023,Miami Grand Prix,ALB,22,21.486
2023,Miami Grand Prix,ALO,24,19.623
2023,Miami Grand Prix,BOT,15,22.404
2023,Miami Grand Prix,DEV,15,23.049
2023,Miami Grand Prix,GAS,15,21.415
2023,Miami Grand Prix,HAM,37,17.152
2023,Miami Grand Prix,HUL,33,22.399
2023,Miami Grand Prix,LEC,17,20.71
2023,Miami Grand Prix,MAG,14,20.627
2023,Miami Grand Prix,NOR,4,23.024
2023,Miami Grand Prix,OCO,39,17.269
2023,Miami Grand Prix,PER,20,21.409
2023,Miami Grand Prix,PIA,5,20.021
2023,Miami Grand Prix,RUS,17,20.985
2023,Miami Grand Prix,SAI,18,18.831
2023,Miami Grand Prix,SAR,2,49.93
2023,Miami Grand Prix,STR,42,17.727
2023,Miami Grand Prix,TSU,36,17.604
2023,Miami Grand Prix,VER,45,18.339
2023,Miami Grand Prix,ZHO,31,18.903
2023,Monaco Grand Prix,ALB,18,22.693
2023,Monaco Grand Prix,ALB,52,53.219
2023,Monaco Grand Prix,BOT,51,41.83
2023,Monaco Grand Prix,GAS,47,16.569
2023,Monaco Grand Prix,HAM,31,17.044
2023,Monaco Grand Prix,HAM,54,58.156
2023,Monaco Grand Prix,HUL,1,42.23
2023,Monaco Grand Prix,LEC,44,18.381
2023,Monaco Grand Prix,NOR,50,25.704
2023,Monaco Grand Prix,OCO,32,17.635
2023,Monaco Grand Prix,PER,1,39.799
2023,Monaco Grand Prix,PER,34,27.937
2023,Monaco Grand Prix,PER,53,59.781
2023,Monaco Grand Prix,PER,70,56.715
2023,Monaco Grand Prix,SAI,33,18.023
2023,Monaco Grand Prix,SAR,20,18.392
2023,Monaco Grand Prix,SAR,23,18.412
2023,Monaco Grand Prix,SAR,52,59.494
2023,Monaco Grand Prix,STR,51,38.624
2023,Monaco Grand Prix,ZHO,1,41.251
2023,Monaco Grand Prix,ZHO,52,50.641
2023,Spanish Grand Prix,ALB,16,27.493
2023,Spanish Grand Prix,ALB,37,23.631
2023,Spanish Grand Prix,ALO,19,23.342
2023,Spanish Grand Prix,ALO,44,22.018
2023,Spanish Grand Prix,BOT,5,24.019
2023,Spanish Grand Prix,BOT,39,28.178
2023,Spanish Grand Prix,DEV,9,24.613
2023,Spanish Grand Prix,DEV,38,21.61
2023,Spanish Grand Prix,GAS,19,26.792
2023,Spanish Grand Prix,GAS,39,24.092
2023,Spanish Grand Prix,HAM,24,25.034
2023,Spanish Grand Prix,HAM,50,22.438
2023,Spanish Grand Prix,HUL,8,25.66
2023,Spanish Grand Prix,HUL,26,24.591
2023,Spanish Grand Prix,HUL,43,25.916
2023,Spanish Grand Prix,LEC,16,25.509
2023,Spanish Grand Prix,LEC,41,22.456
2023,Spanish Grand Prix,MAG,10,25.36
2023,Spanish Grand Prix,MAG,24,26.864
2023,Spanish Grand Prix,MAG,42,23.628
2023,Spanish Grand Prix,NOR,1,47.194
2023,Spanish Grand Prix,NOR,22,25.536
2023,Spanish Grand Prix,NOR,50,21.717
2023,Spanish Grand Prix,OCO,13,23.769
2023,Spanish Grand Prix,OCO,35,24.402
2023,Spanish Grand Prix,PER,27,24.347
2023,Spanish Grand Prix,PER,50,19.604
2023,Spanish Grand Prix,PIA,17,23.991
2023,Spanish Grand Prix,PIA,39,21.781
2023,Spanish Grand Prix,RUS,25,23.976
2023,Spanish Grand Prix,RUS,45,21.105
2023,Spanish Grand Prix,SAI,15,23.731
2023,Spanish Grand Prix,SAI,41,23.103
2023,Spanish Grand Prix,SAR,17,26.606
2023,Spanish Grand Prix,SAR,36,24.901
2023,Spanish Grand Prix,STR,14,25.03
2023,Spanish Grand Prix,STR,34,24.906
2023,Spanish Grand Prix,TSU,10,25.081
2023,Spanish Grand Prix,TSU,34,22.106
2023,Spanish Grand Prix,VER,26,23.916
2023,Spanish Grand Prix,VER,52,21.726
2023,Spanish Grand Prix,ZHO,9,26.572
2023,Spanish Grand Prix,ZHO,36,23.5
2023,Canadian Grand Prix,ALO,41,19.334
2023,Canadian Grand Prix,BOT,36,19.639
2023,Canadian Grand Prix,DEV,50,18.154
2023,Canadian Grand Prix,GAS,10,27.696
2023,Canadian Grand Prix,GAS,33,21.695
2023,Canadian Grand Prix,HAM,40,20.219
2023,Canadian Grand Prix,HUL,31,18.624
2023,Canadian Grand Prix,LEC,39,20.204
2023,Canadian Grand Prix,MAG,53,20.077
2023,Canadian Grand Prix,NOR,35,19.487
2023,Canadian Grand Prix,OCO,36,21.161
2023,Canadian Grand Prix,PER,37,19.649
2023,Canadian Grand Prix,PER,68,19.982
2023,Canadian Grand Prix,PIA,37,20.27
2023,Canadian Grand Prix,SAI,38,20.45
2023,Canadian Grand Prix,STR,27,21.417
2023,Canadian Grand Prix,TSU,1,36.892
2023,Canadian Grand Prix,TSU,34,24.213
2023,Canadian Grand Prix,VER,42,19.313
2023,Canadian Grand Prix,ZHO,32,23.887
2023,Austrian Grand Prix,ALB,41,26.183
2023,Austrian Grand Prix,ALO,44,21.719
2023,Austrian Grand Prix,BOT,21,32.937
2023,Austrian Grand Prix,BOT,40,21.194
2023,Austrian Grand Prix,DEV,12,21.088
2023,Austrian Grand Prix,DEV,37,19.786
2023,Austrian Grand Prix,GAS,44,27.598
2023,Austrian Grand Prix,HAM,42,27.34
2023,Austrian Grand Prix,HUL,11,20.87
2023,Austrian Grand Prix,LEC,47,20.119
2023,Austrian Grand Prix,NOR,41,21.453
2023,Austrian Grand Prix,OCO,40,29.889
2023,Austrian Grand Prix,PER,25,22.354
2023,Austrian Grand Prix,PER,50,19.662
2023,Austrian Grand Prix,PIA,22,31.594
2023,Austrian Grand Prix,PIA,41,21.319
2023,Austrian Grand Prix,RUS,41,21.002
2023,Austrian Grand Prix,SAI,45,27.351
2023,Austrian Grand Prix,SAR,43,20.9
2023,Austrian Grand Prix,STR,36,22.953
2023,Austrian Grand Prix,STR,54,20.061
2023,Austrian Grand Prix,TSU,23,28.01
2023,Austrian Grand Prix,TSU,43,22.377
2023,Austrian Grand Prix,VER,24,21.406
2023,Austrian Grand Prix,VER,49,20.562
2023,Austrian Grand Prix,VER,69,21.176
2023,Austrian Grand Prix,ZHO,8,23.91
2023,Austrian Grand Prix,ZHO,38,21.853
2023,British Grand Prix,DEV,27,19.099
2023,British Grand Prix,HUL,7,35.634
2023,British Grand Prix,LEC,18,19.64
2023,British Grand Prix,PER,28,16.684
2023,British Grand Prix,PIA,29,19.555
2023,British Grand Prix,RUS,28,20.062
2023,British Grand Prix,SAI,26,19.895
2023,British Grand Prix,SAR,29,18.443
2023,British Grand Prix,TSU,14,22.989
2023,British Grand Prix,ZHO,24,21.126
2023,Hungarian Grand Prix,ALB,8,21.096
2023,Hungarian Grand Prix,ALB,31,21.935
2023,Hungarian Grand Prix,ALO,20,22.894
2023,Hungarian Grand Prix,ALO,43,22.293
2023,Hungarian Grand Prix,BOT,9,22.371
2023,Hungarian Grand Prix,BOT,40,23.179
2023,Hungarian Grand Prix,HAM,16,24.02
2023,Hungarian Grand Prix,HAM,49,20.316
2023,Hungarian Grand Prix,HUL,16,21.944
2023,Hungarian Grand Prix,HUL,38,19.781
2023,Hungarian Grand Prix,LEC,17,27.495
2023,Hungarian Grand Prix,LEC,43,17.309
2023,Hungarian Grand Prix,MAG,14,20.633
2023,Hungarian Grand Prix,MAG,41,20.74
2023,Hungarian Grand Prix,NOR,17,19.626
2023,Hungarian Grand Prix,NOR,44,19.861
2023,Hungarian Grand Prix,PER,24,22.634
2023,Hungarian Grand Prix,PER,42,20.348
2023,Hungarian Grand Prix,PIA,18,20.819
2023,Hungarian Grand Prix,PIA,42,20.288
2023,Hungarian Grand Prix,RIC,18,24.461
2023,Hungarian Grand Prix,RIC,29,22.164
2023,Hungarian Grand Prix,RUS,28,25.039
2023,Hungarian Grand Prix,RUS,46,17.524
2023,Hungarian Grand Prix,SAI,15,22.111
2023,Hungarian Grand Prix,SAI,44,21.607
2023,Hungarian Grand Prix,SAR,13,23.62
2023,Hungarian Grand Prix,SAR,34,21.01
2023,Hungarian Grand Prix,STR,9,22.066
2023,Hungarian Grand Prix,STR,34,24.126
2023,Hungarian Grand Prix,TSU,9,26.143
2023,Hungarian Grand Prix,TSU,44,21.612
2023,Hungarian Grand Prix,VER,23,21.832
2023,Hungarian Grand Prix,VER,51,21.607
2023,Hungarian Grand Prix,ZHO,10,27.551
2023,Hungarian Grand Prix,ZHO,38,24.757
2023,Belgian Grand Prix,ALB,7,19.445
2023,Belgian Grand Prix,ALB,23,19.312
2023,Belgian Grand Prix,ALB,33,16.819
2023,Belgian Grand Prix,ALO,10,21.72
2023,Belgian Grand Prix,ALO,29,19.205
2023,Belgian Grand Prix,BOT,6,20.089
2023,Belgian Grand Prix,BOT,24,16.075
2023,Belgian Grand Prix,GAS,23,23.825
2023,Belgian Grand Prix,HAM,12,19.442
2023,Belgian Grand Prix,HAM,27,15.383
2023,Belgian Grand Prix,HAM,42,20.354
2023,Belgian Grand Prix,HUL,12,18.826
2023,Belgian Grand Prix,HUL,24,17.415
2023,Belgian Grand Prix,LEC,13,19.051
2023,Belgian Grand Prix,LEC,28,15.498
2023,Belgian Grand Prix,MAG,5,18.347
2023,Belgian Grand Prix,MAG,25,16.276
2023,Belgian Grand Prix,NOR,5,24.221
2023,Belgian Grand Prix,NOR,17,19.843
2023,Belgian Grand Prix,OCO,6,20.858
2023,Belgian Grand Prix,OCO,25,17.42
2023,Belgian Grand Prix,PER,13,19.55
2023,Belgian Grand Prix,PER,29,16.922
2023,Belgian Grand Prix,RIC,5,19.936
2023,Belgian Grand Prix,RIC,22,28.672
2023,Belgian Grand Prix,RUS,22,26.725
2023,Belgian Grand Prix,SAI,7,15.61
2023,Belgian Grand Prix,SAR,8,18.332
2023,Belgian Grand Prix,SAR,24,15.933
2023,Belgian Grand Prix,SAR,34,14.318
2023,Belgian Grand Prix,STR,20,31.554
2023,Belgian Grand Prix,TSU,9,20.003
2023,Belgian Grand Prix,TSU,24,19.555
2023,Belgian Grand Prix,VER,14,18.27
2023,Belgian Grand Prix,VER,30,16.585
2023,Belgian Grand Prix,ZHO,7,20.333
2023,Belgian Grand Prix,ZHO,25,17.612
2023,Dutch Grand Prix,ALB,44,21.361
2023,Dutch Grand Prix,ALB,61,46.413
2023,Dutch Grand Prix,ALO,10,36.533
2023,Dutch Grand Prix,ALO,48,25.859
2023,Dutch Grand Prix,ALO,61,41.576
2023,Dutch Grand Prix,BOT,47,17.907
2023,Dutch Grand Prix,BOT,59,24.407
2023,Dutch Grand Prix,GAS,11,34.328
2023,Dutch Grand Prix,GAS,46,26.412
2023,Dutch Grand Prix,GAS,60,28.614
2023,Dutch Grand Prix,HAM,9,35.134
2023,Dutch Grand Prix,HAM,45,19.264
2023,Dutch Grand Prix,HAM,60,27.09
2023,Dutch Grand Prix,HUL,48,19.782
2023,Dutch Grand Prix,HUL,60,38.169
2023,Dutch Grand Prix,LAW,10,45.685
2023,Dutch Grand Prix,LAW,46,18.314
2023,Dutch Grand Prix,LAW,59,24.784
2023,Dutch Grand Prix,LEC,11,41.9
2023,Dutch Grand Prix,MAG,9,36.478
2023,Dutch Grand Prix,MAG,35,22.293
2023,Dutch Grand Prix,MAG,60,43.173
2023,Dutch Grand Prix,NOR,10,33.404
2023,Dutch Grand Prix,NOR,42,18.992
2023,Dutch Grand Prix,NOR,60,28.247
2023,Dutch Grand Prix,OCO,10,35.419
2023,Dutch Grand Prix,OCO,43,20.231
2023,Dutch Grand Prix,OCO,61,49.572
2023,Dutch Grand Prix,PER,1,57.803
2023,Dutch Grand Prix,PER,12,35.061
2023,Dutch Grand Prix,PER,45,20.209
2023,Dutch Grand Prix,PER,60,36.646
2023,Dutch Grand Prix,PIA,46,20.894
2023,Dutch Grand Prix,PIA,60,34.932
2023,Dutch Grand Prix,RUS,10,33.693
2023,Dutch Grand Prix,RUS,60,32.007
2023,Dutch Grand Prix,SAI,10,34.974
2023,Dutch Grand Prix,SAI,41,20.6
2023,Dutch Grand Prix,SAI,60,30.259
2023,Dutch Grand Prix,STR,9,36.939
2023,Dutch Grand Prix,STR,34,20.507
2023,Dutch Grand Prix,STR,60,37.075
2023,Dutch Grand Prix,TSU,10,36.364
2023,Dutch Grand Prix,TSU,60,36.521
2023,Dutch Grand Prix,VER,11,33.982
2023,Dutch Grand Prix,VER,49,19.466
2023,Dutch Grand Prix,VER,61,36.563
2023,Dutch Grand Prix,ZHO,10,39.92
2023,Dutch Grand Prix,ZHO,37,21.538
2023,Dutch Grand Prix,ZHO,60,35.98
2023,Italian Grand Prix,ALB,15,26.11
2023,Italian Grand Prix,ALO,21,25.791
2023,Italian Grand Prix,BOT,25,24.959
2023,Italian Grand Prix,GAS,10,27.805
2023,Italian Grand Prix,GAS,31,24.525
2023,Italian Grand Prix,HAM,27,25.216
2023,Italian Grand Prix,HUL,14,27.667
2023,Italian Grand Prix,HUL,39,24.27
2023,Italian Grand Prix,LAW,13,25.2
2023,Italian Grand Prix,LAW,33,24.356
2023,Italian Grand Prix,LEC,20,24.051
2023,Italian Grand Prix,MAG,12,26.895
2023,Italian Grand Prix,MAG,33,25.689
2023,Italian Grand Prix,NOR,22,23.895
2023,Italian Grand Prix,OCO,24,25.688
2023,Italian Grand Prix,PER,21,23.454
2023,Italian Grand Prix,PIA,23,24.996
2023,Italian Grand Prix,PIA,41,34.389
2023,Italian Grand Prix,RUS,19,24.343
2023,Italian Grand Prix,SAI,19,25.958
2023,Italian Grand Prix,SAR,14,25.807
2023,Italian Grand Prix,STR,20,27.175
2023,Italian Grand Prix,VER,20,24.409
2023,Italian Grand Prix,ZHO,11,25.107
2023,Italian Grand Prix,ZHO,33,25.697
2023,Singapore Grand Prix,BOT,40,28.312
2023,Singapore Grand Prix,PER,39,31.048
2023,Singapore Grand Prix,VER,40,27.358
2023,Singapore Grand Prix,ZHO,2,31.129
2023,Japanese Grand Prix,ALO,11,23.568
2023,Japanese Grand Prix,ALO,25,23.041
2023,Japanese Grand Prix,GAS,18,25.313
2023,Japanese Grand Prix,GAS,34,22.889
2023,Japanese Grand Prix,HAM,16,26.181
2023,Japanese Grand Prix,HAM,34,19.903
2023,Japanese Grand Prix,HUL,8,24.412
2023,Japanese Grand Prix,HUL,21,25.547
2023,Japanese Grand Prix,HUL,37,23.18
2023,Japanese Grand Prix,LAW,10,23.395
2023,Japanese Grand Prix,LAW,25,24.078
2023,Japanese Grand Prix,LEC,17,22.749
2023,Japanese Grand Prix,LEC,34,20.628
2023,Japanese Grand Prix,MAG,31,22.444
2023,Japanese Grand Prix,NOR,17,23.907
2023,Japanese Grand Prix,NOR,36,21.431
2023,Japanese Grand Prix,OCO,28,23.622
2023,Japanese Grand Prix,PIA,35,20.773
2023,Japanese Grand Prix,RUS,24,21.756
2023,Japanese Grand Prix,SAI,18,21.994
2023,Japanese Grand Prix,SAI,38,20.408
2023,Japanese Grand Prix,SAR,5,43.267
2023,Japanese Grand Prix,SAR,21,39.274
2023,Japanese Grand Prix,TSU,9,21.576
2023,Japanese Grand Prix,TSU,30,23.405
2023,Japanese Grand Prix,VER,16,24.013
2023,Japanese Grand Prix,VER,37,21.158
2023,Japanese Grand Prix,ZHO,10,23.935
2023,Japanese Grand Prix,ZHO,29,23.563
2023,Qatar Grand Prix,ALB,18,30.676
2023,Qatar Grand Prix,ALB,31,29.499
2023,Qatar Grand Prix,ALB,44,27.884
2023,Qatar Grand Prix,ALO,11,31.355
2023,Qatar Grand Prix,ALO,26,28.572
2023,Qatar Grand Prix,ALO,44,26.99
2023,Qatar Grand Prix,BOT,21,30.881
2023,Qatar Grand Prix,BOT,39,27.296
2023,Qatar Grand Prix,GAS,11,30.668
2023,Qatar Grand Prix,GAS,26,29.412
2023,Qatar Grand Prix,GAS,44,31.378
2023,Qatar Grand Prix,HUL,13,43.564
2023,Qatar Grand Prix,HUL,27,27.31
2023,Qatar Grand Prix,HUL,39,30.718
2023,Qatar Grand Prix,LAW,21,30.122
2023,Qatar Grand Prix,LAW,39,26.283
2023,Qatar Grand Prix,LEC,12,31.849
2023,Qatar Grand Prix,LEC,25,30.421
2023,Qatar Grand Prix,LEC,43,24.756
2023,Qatar Grand Prix,MAG,21,29.685
2023,Qatar Grand Prix,MAG,39,26.784
2023,Qatar Grand Prix,NOR,13,32.464
2023,Qatar Grand Prix,NOR,27,28.124
2023,Qatar Grand Prix,NOR,44,25.299
2023,Qatar Grand Prix,OCO,10,32.261
2023,Qatar Grand Prix,OCO,25,29.95
2023,Qatar Grand Prix,OCO,43,26.958
2023,Qatar Grand Prix,PER,17,28.71
2023,Qatar Grand Prix,PER,31,31.814
2023,Qatar Grand Prix,PER,43,30.357
2023,Qatar Grand Prix,PIA,12,33.707
2023,Qatar Grand Prix,PIA,25,29.592
2023,Qatar Grand Prix,PIA,43,25.55
2023,Qatar Grand Prix,RUS,14,29.948
2023,Qatar Grand Prix,RUS,32,26.43
2023,Qatar Grand Prix,RUS,50,24.22
2023,Qatar Grand Prix,SAR,13,29.718
2023,Qatar Grand Prix,SAR,26,29.165
2023,Qatar Grand Prix,STR,21,30.5
2023,Qatar Grand Prix,STR,39,26.753
2023,Qatar Grand Prix,TSU,9,29.813
2023,Qatar Grand Prix,TSU,22,27.825
2023,Qatar Grand Prix,TSU,40,25.315
2023,Qatar Grand Prix,VER,17,28.803
2023,Qatar Grand Prix,VER,34,25.622
2023,Qatar Grand Prix,VER,51,25.491
2023,Qatar Grand Prix,ZHO,18,30.352
2023,Qatar Grand Prix,ZHO,35,28.3
2023,Qatar Grand Prix,ZHO,52,23.27
2023,United States Grand Prix,ALB,10,21.009
2023,United States Grand Prix,ALB,29,19.956
2023,United States Grand Prix,ALO,19,22.11
2023,United States Grand Prix,ALO,42,19.899
2023,United States Grand Prix,BOT,10,21.844
2023,United States Grand Prix,BOT,28,21.585
2023,United States Grand Prix,GAS,18,20.15
2023,United States Grand Prix,GAS,37,20.707
2023,United States Grand Prix,HAM,20,24.011
2023,United States Grand Prix,HAM,38,20.075
2023,United States Grand Prix,HUL,19,24.817
2023,United States Grand Prix,HUL,34,19.422
2023,United States Grand Prix,LEC,23,22.124
2023,United States Grand Prix,MAG,10,23.457
2023,United States Grand Prix,MAG,29,21.608
2023,United States Grand Prix,NOR,17,21.105
2023,United States Grand Prix,NOR,34,19.939
2023,United States Grand Prix,PER,17,22.151
2023,United States Grand Prix,PER,37,20.216
2023,United States Grand Prix,RIC,22,20.961
2023,United States Grand Prix,RIC,47,23.61
2023,United States Grand Prix,RUS,21,22.821
2023,United States Grand Prix,RUS,39,17.837
2023,United States Grand Prix,SAI,17,21.889
2023,United States Grand Prix,SAI,35,19.226
2023,United States Grand Prix,SAR,11,22.152
2023,United States Grand Prix,SAR,32,21.595
2023,United States Grand Prix,STR,20,23.469
2023,United States Grand Prix,STR,40,18.03
2023,United States Grand Prix,TSU,17,20.89
2023,United States Grand Prix,TSU,34,19.521
2023,United States Grand Prix,TSU,54,18.657
2023,United States Grand Prix,VER,16,20.94
2023,United States Grand Prix,VER,35,21.611
2023,United States Grand Prix,ZHO,9,22.036
2023,United States Grand Prix,ZHO,27,25.7
2023,Mexico City Grand Prix,ALO,29,20.972
2023,Mexico City Grand Prix,GAS,28,22.594
2023,Mexico City Grand Prix,HAM,24,21.531
2023,Mexico City Grand Prix,HUL,23,23.552
2023,Mexico City Grand Prix,LEC,31,22.972
2023,Mexico City Grand Prix,MAG,23,21.299
2023,Mexico City Grand Prix,NOR,11,24.861
2023,Mexico City Grand Prix,PIA,25,24.078
2023,Mexico City Grand Prix,RIC,27,22.382
2023,Mexico City Grand Prix,RUS,26,23.528
2023,Mexico City Grand Prix,SAI,30,23.413
2023,Mexico City Grand Prix,SAR,22,23.773
2023,Mexico City Grand Prix,STR,30,23.544
2023,Mexico City Grand Prix,TSU,9,30.537
2023,Mexico City Grand Prix,VER,19,23.207
2023,Mexico City Grand Prix,ZHO,21,21.851
2023,São Paulo Grand Prix,ALO,25,22.667
2023,São Paulo Grand Prix,ALO,47,21.196
2023,São Paulo Grand Prix,BOT,18,22.041
2023,São Paulo Grand Prix,GAS,26,24.525
2023,São Paulo Grand Prix,GAS,46,20.602
2023,São Paulo Grand Prix,HAM,18,23.62
2023,São Paulo Grand Prix,HAM,46,21.464
2023,São Paulo Grand Prix,HUL,21,24.463
2023,São Paulo Grand Prix,HUL,46,22.666
2023,São Paulo Grand Prix,NOR,27,23.565
2023,São Paulo Grand Prix,NOR,59,20.3
2023,São Paulo Grand Prix,OCO,14,22.687
2023,São Paulo Grand Prix,OCO,31,22.718
2023,São Paulo Grand Prix,OCO,51,19.593
2023,São Paulo Grand Prix,PER,20,22.18
2023,São Paulo Grand Prix,PER,46,21.883
2023,São Paulo Grand Prix,PIA,24,23.197
2023,São Paulo Grand Prix,PIA,52,23.885
2023,São Paulo Grand Prix,RIC,26,24.281
2023,São Paulo Grand Prix,RIC,55,21.174
2023,São Paulo Grand Prix,RUS,19,20.936
2023,São Paulo Grand Prix,RUS,45,22.018
2023,São Paulo Grand Prix,SAI,26,21.936
2023,São Paulo Grand Prix,SAI,51,20.695
2023,São Paulo Grand Prix,SAR,17,22.867
2023,São Paulo Grand Prix,SAR,44,23.356
2023,São Paulo Grand Prix,STR,22,21.355
2023,São Paulo Grand Prix,STR,52,21.919
2023,São Paulo Grand Prix,TSU,26,26.733
2023,São Paulo Grand Prix,TSU,55,21.828
2023,São Paulo Grand Prix,VER,27,22.19
2023,São Paulo Grand Prix,VER,56,19.752
2023,São Paulo Grand Prix,ZHO,15,22.465
2023,Las Vegas Grand Prix,ALB,16,25.443
2023,Las Vegas Grand Prix,BOT,24,23.575
2023,Las Vegas Grand Prix,GAS,17,25.584
2023,Las Vegas Grand Prix,HAM,17,41.555
2023,Las Vegas Grand Prix,HUL,12,25.547
2023,Las Vegas Grand Prix,LEC,21,24.686
2023,Las Vegas Grand Prix,MAG,14,23.654
2023,Las Vegas Grand Prix,OCO,20,26.094
2023,Las Vegas Grand Prix,PIA,16,29.76
2023,Las Vegas Grand Prix,PIA,43,18.747
2023,Las Vegas Grand Prix,RIC,17,26.761
2023,Las Vegas Grand Prix,RUS,15,23.207
2023,Las Vegas Grand Prix,SAR,15,25.736
2023,Las Vegas Grand Prix,TSU,10,27.085
2023,Las Vegas Grand Prix,TSU,21,28.103
2023,Las Vegas Grand Prix,VER,16,31.117
2023,Abu Dhabi Grand Prix,ALB,16,25.273
2023,Abu Dhabi Grand Prix,ALB,43,20.65
2023,Abu Dhabi Grand Prix,ALO,12,23.188
2023,Abu Dhabi Grand Prix,ALO,36,22.132
2023,Abu Dhabi Grand Prix,BOT,29,24.564
2023,Abu Dhabi Grand Prix,GAS,17,25.633
2023,Abu Dhabi Grand Prix,GAS,32,23.383
2023,Abu Dhabi Grand Prix,HAM,15,24.838
2023,Abu Dhabi Grand Prix,HAM,35,20.457
2023,Abu Dhabi Grand Prix,HUL,13,23.513
2023,Abu Dhabi Grand Prix,HUL,33,21.704
2023,Abu Dhabi Grand Prix,LEC,17,23.677
2023,Abu Dhabi Grand Prix,LEC,35,21.13
2023,Abu Dhabi Grand Prix,MAG,5,23.561
2023,Abu Dhabi Grand Prix,MAG,22,24.497
2023,Abu Dhabi Grand Prix,NOR,14,26.361
2023,Abu Dhabi Grand Prix,NOR,33,19.909
2023,Abu Dhabi Grand Prix,OCO,15,23.301
2023,Abu Dhabi Grand Prix,PER,17,23.657
2023,Abu Dhabi Grand Prix,PER,42,20.407
2023,Abu Dhabi Grand Prix,PIA,13,23.259
2023,Abu Dhabi Grand Prix,PIA,36,19.307
2023,Abu Dhabi Grand Prix,RIC,7,22.764
2023,Abu Dhabi Grand Prix,RIC,31,21.976
2023,Abu Dhabi Grand Prix,RUS,14,22.911
2023,Abu Dhabi Grand Prix,RUS,34,21.214
2023,Abu Dhabi Grand Prix,SAI,23,22.388
2023,Abu Dhabi Grand Prix,SAI,56,21.845
2023,Abu Dhabi Grand Prix,SAR,15,25.471
2023,Abu Dhabi Grand Prix,SAR,41,21.434
2023,Abu Dhabi Grand Prix,STR,22,21.39
2023,Abu Dhabi Grand Prix,STR,42,19.384
2023,Abu Dhabi Grand Prix,TSU,22,22.554
2023,Abu Dhabi Grand Prix,VER,16,24.441
2023,Abu Dhabi Grand Prix,VER,43,21.256
2023,Abu Dhabi Grand Prix,ZHO,13,24.757
2023,Abu Dhabi Grand Prix,ZHO,37,22.288
2024,Bahrain Grand Prix,ALB,15,24.876
2024,Bahrain Grand Prix,ALB,36,22.329
2024,Bahrain Grand Prix,ALO,15,25.557
2024,Bahrain Grand Prix,ALO,41,22.802
2024,Bahrain Grand Prix,BOT,12,28.731
2024,Bahrain Grand Prix,GAS,12,30.811
2024,Bahrain Grand Prix,GAS,31,24.992
2024,Bahrain Grand Prix,GAS,43,20.562
2024,Bahrain Grand Prix,HAM,12,26.268
2024,Bahrain Grand Prix,HAM,33,21.404
2024,Bahrain Grand Prix,HUL,1,50.887
2024,Bahrain Grand Prix,HUL,20,25.918
2024,Bahrain Grand Prix,HUL,41,22.098
2024,Bahrain Grand Prix,LEC,11,25.696
2024,Bahrain Grand Prix,LEC,34,22.268
2024,Bahrain Grand Prix,MAG,11,25.431
2024,Bahrain Grand Prix,MAG,32,21.881
2024,Bahrain Grand Prix,NOR,13,25.275
2024,Bahrain Grand Prix,NOR,33,23.394
2024,Bahrain Grand Prix,OCO,10,24.97
2024,Bahrain Grand Prix,OCO,30,24.846
2024,Bahrain Grand Prix,PER,12,25.479
2024,Bahrain Grand Prix,PER,36,22.751
2024,Bahrain Grand Prix,PIA,12,26.14
2024,Bahrain Grand Prix,PIA,34,25.626
2024,Bahrain Grand Prix,RIC,13,26.131
2024,Bahrain Grand Prix,RIC,35,22.14
2024,Bahrain Grand Prix,RUS,11,26.095
2024,Bahrain Grand Prix,RUS,31,23.792
2024,Bahrain Grand Prix,SAI,14,24.77
2024,Bahrain Grand Prix,SAI,35,22.686
2024,Bahrain Grand Prix,SAR,28,26.901
2024,Bahrain Grand Prix,SAR,40,24.884
2024,Bahrain Grand Prix,STR,9,26.293
2024,Bahrain Grand Prix,STR,27,23.716
2024,Bahrain Grand Prix,TSU,14,25.712
2024,Bahrain Grand Prix,TSU,34,23.238
2024,Bahrain Grand Prix,VER,17,26.931
2024,Bahrain Grand Prix,VER,37,24.86
2024,Bahrain Grand Prix,ZHO,9,26.389
2024,Bahrain Grand Prix,ZHO,28,22.963
2024,Saudi Arabian Grand Prix,BOT,35,21.219
2024,Saudi Arabian Grand Prix,HAM,36,18.017
2024,Saudi Arabian Grand Prix,HUL,33,19.165
2024,Saudi Arabian Grand Prix,NOR,37,20.2
2024,Saudi Arabian Grand Prix,ZHO,41,43.767
2024,Australian Grand Prix,ALB,6,20.308
2024,Australian Grand Prix,ALB,27,20.649
2024,Australian Grand Prix,ALO,41,20.923
2024,Australian Grand Prix,BOT,8,50.77
2024,Australian Grand Prix,BOT,36,20.883
2024,Australian Grand Prix,GAS,41,26.335
2024,Australian Grand Prix,HAM,7,18.53
2024,Australian Grand Prix,HUL,35,18.899
2024,Australian Grand Prix,LEC,9,20.204
2024,Australian Grand Prix,LEC,34,20.22
2024,Australian Grand Prix,MAG,7,21.546
2024,Australian Grand Prix,MAG,33,19.963
2024,Australian Grand Prix,NOR,14,22.846
2024,Australian Grand Prix,NOR,40,19.141
2024,Australian Grand Prix,OCO,9,21.569
2024,Australian Grand Prix,OCO,42,20.586
2024,Australian Grand Prix,PER,14,22.904
2024,Australian Grand Prix,PER,35,23.414
2024,Australian Grand Prix,PIA,9,20.298
2024,Australian Grand Prix,PIA,39,19.709
2024,Australian Grand Prix,RIC,5,23.346
2024,Australian Grand Prix,RIC,29,21.907
2024,Australian Grand Prix,RUS,8,19.997
2024,Australian Grand Prix,RUS,45,17.523
2024,Australian Grand Prix,SAI,41,19.741
2024,Australian Grand Prix,STR,8,19.444
2024,Australian Grand Prix,STR,37,19.51
2024,Australian Grand Prix,TSU,9,22.14
2024,Australian Grand Prix,TSU,36,20.338
2024,Australian Grand Prix,ZHO,6,23.943
2024,Australian Grand Prix,ZHO,35,38.999
2024,Japanese Grand Prix,ALO,13,22.782
2024,Japanese Grand Prix,ALO,33,20.259
2024,Japanese Grand Prix,BOT,6,22.553
2024,Japanese Grand Prix,BOT,22,27.774
2024,Japanese Grand Prix,GAS,16,24.462
2024,Japanese Grand Prix,GAS,32,21.815
2024,Japanese Grand Prix,HAM,23,23.264
2024,Japanese Grand Prix,HAM,39,20.11
2024,Japanese Grand Prix,HUL,5,21.938
2024,Japanese Grand Prix,HUL,33,24.453
2024,Japanese Grand Prix,LEC,26,25.436
2024,Japanese Grand Prix,MAG,22,26.662
2024,Japanese Grand Prix,NOR,11,23.653
2024,Japanese Grand Prix,NOR,26,24.788
2024,Japanese Grand Prix,OCO,19,23.254
2024,Japanese Grand Prix,OCO,33,21.191
2024,Japanese Grand Prix,PER,15,22.586
2024,Japanese Grand Prix,PER,33,21.209
2024,Japanese Grand Prix,PIA,12,25.673
2024,Japanese Grand Prix,PIA,32,21.007
2024,Japanese Grand Prix,RUS,22,22.999
2024,Japanese Grand Prix,RUS,37,19.307
2024,Japanese Grand Prix,SAI,15,22.796
2024,Japanese Grand Prix,SAI,36,20.571
2024,Japanese Grand Prix,SAR,22,27.572
2024,Japanese Grand Prix,SAR,34,20.313
2024,Japanese Grand Prix,STR,12,22.401
2024,Japanese Grand Prix,STR,22,23.613
2024,Japanese Grand Prix,STR,34,17.82
2024,Japanese Grand Prix,TSU,7,23.852
2024,Japanese Grand Prix,TSU,22,23.977
2024,Japanese Grand Prix,VER,16,23.946
2024,Japanese Grand Prix,VER,34,21.925
2024,Japanese Grand Prix,ZHO,7,21.688
2024,Japanese Grand Prix,ZHO,11,29.722
2024,Chinese Grand Prix,ALB,9,26.334
2024,Chinese Grand Prix,ALO,11,26.767
2024,Chinese Grand Prix,ALO,43,21.899
2024,Chinese Grand Prix,BOT,9,23.781
2024,Chinese Grand Prix,GAS,11,43.482
2024,Chinese Grand Prix,GAS,38,21.692
2024,Chinese Grand Prix,HAM,9,23.858
2024,Chinese Grand Prix,HUL,8,25.732
2024,Chinese Grand Prix,MAG,17,25.687
2024,Chinese Grand Prix,OCO,9,25.639
2024,Chinese Grand Prix,PER,13,24.93
2024,Chinese Grand Prix,PIA,16,23.929
2024,Chinese Grand Prix,RIC,14,21.301
2024,Chinese Grand Prix,RUS,11,24.454
2024,Chinese Grand Prix,SAI,17,25.497
2024,Chinese Grand Prix,SAR,12,24.437
2024,Chinese Grand Prix,STR,9,24.498
2024,Chinese Grand Prix,STR,35,33.312
2024,Chinese Grand Prix,TSU,8,22.085
2024,Chinese Grand Prix,VER,13,26.418
2024,Chinese Grand Prix,ZHO,8,27.205
2024,Chinese Grand Prix,ZHO,40,21.612
2024,Miami Grand Prix,ALB,10,20.323
2024,Miami Grand Prix,ALB,53,26.404
2024,Miami Grand Prix,BOT,11,22.394
2024,Miami Grand Prix,GAS,12,20.855
2024,Miami Grand Prix,HAM,26,19.309
2024,Miami Grand Prix,HUL,12,22.627
2024,Miami Grand Prix,LEC,19,20.537
2024,Miami Grand Prix,PER,17,20.636
2024,Miami Grand Prix,PIA,40,29.146
2024,Miami Grand Prix,RUS,24,19.357
2024,Miami Grand Prix,SAR,11,20.574
2024,Miami Grand Prix,STR,11,23.384
2024,Emilia Romagna Grand Prix,ALB,23,37.635
2024,Emilia Romagna Grand Prix,ALB,28,31.594
2024,Emilia Romagna Grand Prix,ALO,7,27.956
2024,Emilia Romagna Grand Prix,ALO,40,27.988
2024,Emilia Romagna Grand Prix,ALO,59,28.762
2024,Emilia Romagna Grand Prix,BOT,8,27.627
2024,Emilia Romagna Grand Prix,GAS,8,27.458
2024,Emilia Romagna Grand Prix,GAS,30,27.842
2024,Emilia Romagna Grand Prix,HAM,27,26.791
2024,Emilia Romagna Grand Prix,HUL,13,26.467
2024,Emilia Romagna Grand Prix,LEC,25,29.173
2024,Emilia Romagna Grand Prix,MAG,37,28.059
2024,Emilia Romagna Grand Prix,NOR,22,29.168
2024,Emilia Romagna Grand Prix,OCO,25,27.888
2024,Emilia Romagna Grand Prix,PER,37,27.49
2024,Emilia Romagna Grand Prix,PIA,23,27.526
2024,Emilia Romagna Grand Prix,RIC,11,27.286
2024,Emilia Romagna Grand Prix,RUS,21,29.4
2024,Emilia Romagna Grand Prix,RUS,52,26.669
2024,Emilia Romagna Grand Prix,SAI,27,28.158
2024,Emilia Romagna Grand Prix,SAR,31,30.45
2024,Emilia Romagna Grand Prix,STR,37,25.943
2024,Emilia Romagna Grand Prix,TSU,12,25.741
2024,Emilia Romagna Grand Prix,VER,24,28.214
2024,Emilia Romagna Grand Prix,ZHO,33,28.685
2024,Monaco Grand Prix,BOT,15,16.861
2024,Monaco Grand Prix,HAM,51,17.891
2024,Monaco Grand Prix,SAR,57,15.857
2024,Monaco Grand Prix,STR,42,20.103
2024,Monaco Grand Prix,STR,48,28.487
2024,Monaco Grand Prix,VER,52,15.528
2024,Monaco Grand Prix,ZHO,70,24.301
2024,Canadian Grand Prix,ALB,44,17.564
2024,Canadian Grand Prix,ALO,44,21.327
2024,Canadian Grand Prix,BOT,42,25.736
2024,Canadian Grand Prix,GAS,40,27.992
2024,Canadian Grand Prix,HAM,43,21.81
2024,Canadian Grand Prix,HUL,12,31.997
2024,Canadian Grand Prix,HUL,44,18.872
2024,Canadian Grand Prix,LEC,31,49.662
2024,Canadian Grand Prix,MAG,7,38.249
2024,Canadian Grand Prix,MAG,41,23.277
2024,Canadian Grand Prix,NOR,47,16.435
2024,Canadian Grand Prix,OCO,44,19.747
2024,Canadian Grand Prix,PER,43,18.676
2024,Canadian Grand Prix,PIA,44,20.438
2024,Canadian Grand Prix,RIC,43,21.56
2024,Canadian Grand Prix,RUS,45,18.341
2024,Canadian Grand Prix,SAI,43,18.028
2024,Canadian Grand Prix,STR,44,20.295
2024,Canadian Grand Prix,TSU,44,21.226
2024,Canadian Grand Prix,VER,45,18.73
2024,Spanish Grand Prix,ALB,18,24.156
2024,Spanish Grand Prix,ALB,43,20.433
2024,Spanish Grand Prix,ALO,19,21.841
2024,Spanish Grand Prix,ALO,45,20.154
2024,Spanish Grand Prix,BOT,11,21.379
2024,Spanish Grand Prix,BOT,28,22.025
2024,Spanish Grand Prix,GAS,14,27.296
2024,Spanish Grand Prix,GAS,38,22.311
2024,Spanish Grand Prix,HAM,16,23.411
2024,Spanish Grand Prix,HAM,43,20.456
2024,Spanish Grand Prix,HUL,12,25.921
2024,Spanish Grand Prix,HUL,38,22.045
2024,Spanish Grand Prix,LEC,24,24.343
2024,Spanish Grand Prix,LEC,47,21.821
2024,Spanish Grand Prix,MAG,10,24.081
2024,Spanish Grand Prix,MAG,29,30.254
2024,Spanish Grand Prix,NOR,23,23.456
2024,Spanish Grand Prix,NOR,47,20.71
2024,Spanish Grand Prix,OCO,13,23.888
2024,Spanish Grand Prix,OCO,37,21.725
2024,Spanish Grand Prix,PER,13,25.255
2024,Spanish Grand Prix,PER,31,22.412
2024,Spanish Grand Prix,PER,49,20.694
2024,Spanish Grand Prix,PIA,21,26.432
2024,Spanish Grand Prix,PIA,46,22.175
2024,Spanish Grand Prix,RIC,16,23.591
2024,Spanish Grand Prix,RIC,42,23.59
2024,Spanish Grand Prix,RUS,15,25.876
2024,Spanish Grand Prix,RUS,36,23.995
2024,Spanish Grand Prix,SAI,15,23.459
2024,Spanish Grand Prix,SAI,36,22.293
2024,Spanish Grand Prix,SAR,14,21.62
2024,Spanish Grand Prix,SAR,34,22.042
2024,Spanish Grand Prix,STR,17,23.494
2024,Spanish Grand Prix,STR,37,23.635
2024,Spanish Grand Prix,TSU,9,21.94
2024,Spanish Grand Prix,TSU,27,22.368
2024,Spanish Grand Prix,TSU,44,24.503
2024,Spanish Grand Prix,VER,17,22.938
2024,Spanish Grand Prix,VER,44,20.885
2024,Spanish Grand Prix,ZHO,9,21.744
2024,Spanish Grand Prix,ZHO,41,25.083
2024,Austrian Grand Prix,ALB,12,20.543
2024,Austrian Grand Prix,ALB,39,22.374
2024,Austrian Grand Prix,ALO,11,20.043
2024,Austrian Grand Prix,ALO,35,36.142
2024,Austrian Grand Prix,ALO,68,23.029
2024,Austrian Grand Prix,BOT,19,21.053
2024,Austrian Grand Prix,BOT,42,21.742
2024,Austrian Grand Prix,GAS,20,21.38
2024,Austrian Grand Prix,GAS,42,20.047
2024,Austrian Grand Prix,HAM,21,21.361
2024,Austrian Grand Prix,HAM,53,26.907
2024,Austrian Grand Prix,HUL,11,22.019
2024,Austrian Grand Prix,HUL,39,20.458
2024,Austrian Grand Prix,LEC,1,39.806
2024,Austrian Grand Prix,LEC,16,22.644
2024,Austrian Grand Prix,LEC,33,22.15
2024,Austrian Grand Prix,LEC,51,18.913
2024,Austrian Grand Prix,MAG,10,20.191
2024,Austrian Grand Prix,MAG,38,20.097
2024,Austrian Grand Prix,NOR,23,22.52
2024,Austrian Grand Prix,NOR,51,19.56
2024,Austrian Grand Prix,OCO,19,22.18
2024,Austrian Grand Prix,OCO,43,19.001
2024,Austrian Grand Prix,PER,21,22.194
2024,Austrian Grand Prix,PER,51,28.111
2024,Austrian Grand Prix,PIA,25,20.28
2024,Austrian Grand Prix,PIA,51,18.118
2024,Austrian Grand Prix,RIC,10,20.186
2024,Austrian Grand Prix,RIC,37,19.841
2024,Austrian Grand Prix,RUS,22,21.29
2024,Austrian Grand Prix,RUS,46,21.275
2024,Austrian Grand Prix,SAI,22,20.717
2024,Austrian Grand Prix,SAI,47,20.208
2024,Austrian Grand Prix,SAR,1,40.043
2024,Austrian Grand Prix,SAR,20,22.807
2024,Austrian Grand Prix,SAR,49,20.888
2024,Austrian Grand Prix,STR,20,20.909
2024,Austrian Grand Prix,STR,43,20.03
2024,Austrian Grand Prix,TSU,21,21.331
2024,Austrian Grand Prix,TSU,44,23.907
2024,Austrian Grand Prix,VER,23,21.636
2024,Austrian Grand Prix,VER,51,25.008
2024,Austrian Grand Prix,ZHO,28,23.418
2024,Austrian Grand Prix,ZHO,51,20.61
2024,British Grand Prix,ALB,27,50.14
2024,British Grand Prix,ALB,38,29.448
2024,British Grand Prix,ALO,27,47.594
2024,British Grand Prix,ALO,38,32.572
2024,British Grand Prix,BOT,26,46.966
2024,British Grand Prix,BOT,37,38.681
2024,British Grand Prix,HAM,27,42.697
2024,British Grand Prix,HAM,38,31.257
2024,British Grand Prix,HUL,26,39.211
2024,British Grand Prix,HUL,39,27.535
2024,British Grand Prix,LEC,19,40.727
2024,British Grand Prix,LEC,27,43.64
2024,British Grand Prix,LEC,37,30.758
2024,British Grand Prix,MAG,27,50.208
2024,British Grand Prix,MAG,37,39.553
2024,British Grand Prix,NOR,27,41.995
2024,British Grand Prix,NOR,39,27.86
2024,British Grand Prix,OCO,19,33.381
2024,British Grand Prix,OCO,21,25.569
2024,British Grand Prix,OCO,26,52.071
2024,British Grand Prix,OCO,38,30.195
2024,British Grand Prix,PER,19,34.58
2024,British Grand Prix,PER,28,43.171
2024,British Grand Prix,PER,37,33.43
2024,British Grand Prix,PER,47,29.864
2024,British Grand Prix,PIA,28,50.345
2024,British Grand Prix,PIA,38,27.949
2024,British Grand Prix,RIC,26,40.743
2024,British Grand Prix,RIC,37,36.953
2024,British Grand Prix,RUS,27,48.593
2024,British Grand Prix,SAI,26,39.411
2024,British Grand Prix,SAI,39,28.821
2024,British Grand Prix,SAI,50,17.246
2024,British Grand Prix,SAR,27,52.077
2024,British Grand Prix,SAR,38,28.917
2024,British Grand Prix,STR,26,36.891
2024,British Grand Prix,STR,39,28.287
2024,British Grand Prix,TSU,27,45.481
2024,British Grand Prix,TSU,38,31.214
2024,British Grand Prix,VER,26,36.792
2024,British Grand Prix,VER,38,30.406
2024,British Grand Prix,ZHO,12,19.07
2024,British Grand Prix,ZHO,19,42.054
2024,British Grand Prix,ZHO,26,39.414
2024,British Grand Prix,ZHO,37,38.123
2024,Hungarian Grand Prix,ALB,6,20.475
2024,Hungarian Grand Prix,ALB,29,21.923
2024,Hungarian Grand Prix,ALO,7,20.291
2024,Hungarian Grand Prix,ALO,37,18.991
2024,Hungarian Grand Prix,BOT,16,20.357
2024,Hungarian Grand Prix,BOT,45,20.434
2024,Hungarian Grand Prix,GAS,28,19.237
2024,Hungarian Grand Prix,HAM,16,20.894
2024,Hungarian Grand Prix,HAM,40,22.083
2024,Hungarian Grand Prix,HUL,2,20.107
2024,Hungarian Grand Prix,HUL,29,20.676
2024,Hungarian Grand Prix,LEC,23,22.354
2024,Hungarian Grand Prix,LEC,40,21.498
2024,Hungarian Grand Prix,MAG,6,19.855
2024,Hungarian Grand Prix,MAG,34,20.868
2024,Hungarian Grand Prix,NOR,17,21.038
2024,Hungarian Grand Prix,NOR,45,18.025
2024,Hungarian Grand Prix,OCO,6,20.238
2024,Hungarian Grand Prix,OCO,30,20.222
2024,Hungarian Grand Prix,OCO,64,23.148
2024,Hungarian Grand Prix,PER,28,23.768
2024,Hungarian Grand Prix,PER,47,18.34
2024,Hungarian Grand Prix,PIA,18,22.027
2024,Hungarian Grand Prix,PIA,47,20.688
2024,Hungarian Grand Prix,RIC,7,19.542
2024,Hungarian Grand Prix,RIC,28,18.217
2024,Hungarian Grand Prix,RUS,33,20.275
2024,Hungarian Grand Prix,RUS,53,15.772
2024,Hungarian Grand Prix,SAI,21,22.062
2024,Hungarian Grand Prix,SAI,47,20.153
2024,Hungarian Grand Prix,SAR,8,20.029
2024,Hungarian Grand Prix,SAR,33,19.767
2024,Hungarian Grand Prix,SAR,63,19.646
2024,Hungarian Grand Prix,STR,14,24.039
2024,Hungarian Grand Prix,STR,45,20.226
2024,Hungarian Grand Prix,TSU,29,20.675
2024,Hungarian Grand Prix,VER,21,21.381
2024,Hungarian Grand Prix,VER,49,18.324
2024,Hungarian Grand Prix,ZHO,7,19.569
2024,Hungarian Grand Prix,ZHO,36,22.089
2024,Belgian Grand Prix,ALB,8,20.212
2024,Belgian Grand Prix,ALB,23,19.114
2024,Belgian Grand Prix,ALO,13,19.941
2024,Belgian Grand Prix,BOT,11,19.015
2024,Belgian Grand Prix,BOT,35,16.294
2024,Belgian Grand Prix,GAS,9,21.658
2024,Belgian Grand Prix,GAS,28,17.077
2024,Belgian Grand Prix,HAM,11,23.206
2024,Belgian Grand Prix,HAM,26,17.433
2024,Belgian Grand Prix,HUL,7,21.067
2024,Belgian Grand Prix,HUL,20,19.388
2024,Belgian Grand Prix,LEC,12,20.304
2024,Belgian Grand Prix,LEC,25,17.876
2024,Belgian Grand Prix,MAG,17,19.636
2024,Belgian Grand Prix,NOR,15,19.459
2024,Belgian Grand Prix,NOR,29,15.813
2024,Belgian Grand Prix,OCO,12,20.262
2024,Belgian Grand Prix,OCO,30,16.311
2024,Belgian Grand Prix,PER,11,21.76
2024,Belgian Grand Prix,PER,21,19.725
2024,Belgian Grand Prix,PER,42,19.601
2024,Belgian Grand Prix,PIA,11,21.048
2024,Belgian Grand Prix,PIA,30,16.836
2024,Belgian Grand Prix,RIC,8,20.894
2024,Belgian Grand Prix,RIC,21,21.132
2024,Belgian Grand Prix,RUS,10,21.124
2024,Belgian Grand Prix,SAI,20,19.642
2024,Belgian Grand Prix,SAI,28,17.46
2024,Belgian Grand Prix,SAR,8,20.666
2024,Belgian Grand Prix,SAR,24,20.698
2024,Belgian Grand Prix,STR,12,20.64
2024,Belgian Grand Prix,TSU,15,21.994
2024,Belgian Grand Prix,VER,10,21.136
2024,Belgian Grand Prix,VER,28,16.207
2024,Dutch Grand Prix,ALB,12,23.313
2024,Dutch Grand Prix,ALB,54,20.996
2024,Dutch Grand Prix,ALO,31,25.069
2024,Dutch Grand Prix,BOT,15,24.923
2024,Dutch Grand Prix,BOT,43,23.049
2024,Dutch Grand Prix,GAS,32,25.18
2024,Dutch Grand Prix,HAM,23,24.406
2024,Dutch Grand Prix,HAM,48,21.322
2024,Dutch Grand Prix,HUL,14,23.904
2024,Dutch Grand Prix,LEC,24,22.622
2024,Dutch Grand Prix,MAG,40,25.186
2024,Dutch Grand Prix,NOR,28,24.588
2024,Dutch Grand Prix,OCO,30,22.329
2024,Dutch Grand Prix,PER,29,25.956
2024,Dutch Grand Prix,PIA,33,23.435
2024,Dutch Grand Prix,RIC,29,25.027
2024,Dutch Grand Prix,RUS,25,23.998
2024,Dutch Grand Prix,RUS,54,21.319
2024,Dutch Grand Prix,SAI,30,24.299
2024,Dutch Grand Prix,SAR,22,25.71
2024,Dutch Grand Prix,STR,30,23.057
2024,Dutch Grand Prix,TSU,14,23.411
2024,Dutch Grand Prix,TSU,32,22.119
2024,Dutch Grand Prix,VER,27,23.981
2024,Dutch Grand Prix,ZHO,18,24.252
2024,Dutch Grand Prix,ZHO,51,25.103
2024,Italian Grand Prix,ALB,17,27.339
2024,Italian Grand Prix,ALO,12,25.552
2024,Italian Grand Prix,ALO,35,24.169
2024,Italian Grand Prix,BOT,33,23.752
2024,Italian Grand Prix,COL,16,27.286
2024,Italian Grand Prix,GAS,10,26.58
2024,Italian Grand Prix,GAS,30,26.129
2024,Italian Grand Prix,HAM,15,28.683
2024,Italian Grand Prix,HAM,37,23.429
2024,Italian Grand Prix,HUL,5,41.391
2024,Italian Grand Prix,HUL,32,35.941
2024,Italian Grand Prix,LEC,15,27.644
2024,Italian Grand Prix,MAG,14,27.368
2024,Italian Grand Prix,NOR,14,26.055
2024,Italian Grand Prix,NOR,32,24.285
2024,Italian Grand Prix,OCO,31,23.429
2024,Italian Grand Prix,PER,23,25.812
2024,Italian Grand Prix,PER,35,23.255
2024,Italian Grand Prix,PIA,16,27.229
2024,Italian Grand Prix,PIA,38,24.603
2024,Italian Grand Prix,RIC,11,34.056
2024,Italian Grand Prix,RUS,11,35.545
2024,Italian Grand Prix,RUS,33,24.085
2024,Italian Grand Prix,SAI,19,27.337
2024,Italian Grand Prix,STR,19,26.525
2024,Italian Grand Prix,STR,36,22.648
2024,Italian Grand Prix,STR,50,30.705
2024,Italian Grand Prix,VER,22,30.265
2024,Italian Grand Prix,VER,41,25.586
2024,Italian Grand Prix,ZHO,15,29.288
2024,Azerbaijan Grand Prix,ALB,31,20.076
2024,Azerbaijan Grand Prix,ALO,11,20.841
2024,Azerbaijan Grand Prix,BEA,14,23.992
2024,Azerbaijan Grand Prix,BOT,11,25.287
2024,Azerbaijan Grand Prix,COL,10,21.311
2024,Azerbaijan Grand Prix,HAM,12,24.905
2024,Azerbaijan Grand Prix,HUL,15,24.011
2024,Azerbaijan Grand Prix,LEC,16,24.114
2024,Azerbaijan Grand Prix,NOR,37,15.698
2024,Azerbaijan Grand Prix,PER,13,22.509
2024,Azerbaijan Grand Prix,PIA,15,21.089
2024,Azerbaijan Grand Prix,RUS,12,22.129
2024,Azerbaijan Grand Prix,SAI,17,23.275
2024,Azerbaijan Grand Prix,STR,1,40.48
2024,Azerbaijan Grand Prix,STR,22,21.881
2024,Azerbaijan Grand Prix,TSU,12,29.947
2024,Azerbaijan Grand Prix,VER,12,24.213
2024,Azerbaijan Grand Prix,ZHO,34,19.473
2024,Singapore Grand Prix,ALB,11,26.091
2024,Singapore Grand Prix,ALO,25,30.271
2024,Singapore Grand Prix,BOT,33,28.518
2024,Singapore Grand Prix,COL,29,32.282
2024,Singapore Grand Prix,GAS,37,34.926
2024,Singapore Grand Prix,HAM,17,28.93
2024,Singapore Grand Prix,HUL,29,32.977
2024,Singapore Grand Prix,LEC,36,27.025
2024,Singapore Grand Prix,MAG,28,30.825
2024,Singapore Grand Prix,NOR,30,31.762
2024,Singapore Grand Prix,OCO,29,32.228
2024,Singapore Grand Prix,PER,28,27.292
2024,Singapore Grand Prix,PIA,38,27.646
2024,Singapore Grand Prix,RIC,10,30.071
2024,Singapore Grand Prix,RIC,46,31.954
2024,Singapore Grand Prix,RIC,58,25.731
2024,Singapore Grand Prix,RUS,27,27.617
2024,Singapore Grand Prix,SAI,13,27.116
2024,Singapore Grand Prix,STR,26,30.242
2024,Singapore Grand Prix,TSU,33,31.166
2024,Singapore Grand Prix,VER,29,32.63
2024,Singapore Grand Prix,ZHO,34,28.985
2024,United States Grand Prix,ALB,33,20.401
2024,United States Grand Prix,ALO,26,21.874
2024,United States Grand Prix,BOT,15,22.232
2024,United States Grand Prix,COL,39,18.901
2024,United States Grand Prix,GAS,18,25.464
2024,United States Grand Prix,HUL,27,24.07
2024,United States Grand Prix,LAW,36,19.972
2024,United States Grand Prix,LEC,26,21.75
2024,United States Grand Prix,MAG,17,21.186
2024,United States Grand Prix,MAG,38,17.96
2024,United States Grand Prix,NOR,31,22.406
2024,United States Grand Prix,OCO,31,21.444
2024,United States Grand Prix,OCO,51,28.886
2024,United States Grand Prix,PER,26,21.118
2024,United States Grand Prix,PIA,32,21.755
2024,United States Grand Prix,RUS,40,25.274
2024,United States Grand Prix,SAI,21,20.623
2024,United States Grand Prix,STR,27,23.084
2024,United States Grand Prix,TSU,18,23.938
2024,United States Grand Prix,VER,25,22.165
2024,United States Grand Prix,ZHO,13,22.522
2024,United States Grand Prix,ZHO,35,25.136
2024,Mexico City Grand Prix,BOT,49,21.363
2024,Mexico City Grand Prix,COL,47,23.923
2024,Mexico City Grand Prix,GAS,28,24.823
2024,Mexico City Grand Prix,HAM,28,26.14
2024,Mexico City Grand Prix,HUL,29,23.998
2024,Mexico City Grand Prix,LAW,39,24.302
2024,Mexico City Grand Prix,LAW,65,34.162
2024,Mexico City Grand Prix,LEC,31,24.661
2024,Mexico City Grand Prix,LEC,69,21.991
2024,Mexico City Grand Prix,MAG,30,25.769
2024,Mexico City Grand Prix,NOR,30,24.544
2024,Mexico City Grand Prix,OCO,48,22.937
2024,Mexico City Grand Prix,PER,20,31.129
2024,Mexico City Grand Prix,PER,43,22.544
2024,Mexico City Grand Prix,PER,68,21.344
2024,Mexico City Grand Prix,PIA,39,19.697
2024,Mexico City Grand Prix,RUS,31,25.017
2024,Mexico City Grand Prix,SAI,32,22.991
2024,Mexico City Grand Prix,STR,26,23.36
2024,Mexico City Grand Prix,VER,26,44.51
2024,Mexico City Grand Prix,ZHO,43,23.416
2024,São Paulo Grand Prix,HUL,25,27.461
2024,São Paulo Grand Prix,LEC,24,25.605
2024,Las Vegas Grand Prix,ALB,9,22.939
2024,Las Vegas Grand Prix,ALO,4,23.699
2024,Las Vegas Grand Prix,ALO,24,22.019
2024,Las Vegas Grand Prix,BOT,17,24.418
2024,Las Vegas Grand Prix,BOT,35,25.668
2024,Las Vegas Grand Prix,COL,16,25.19
2024,Las Vegas Grand Prix,COL,26,18.36
2024,Las Vegas Grand Prix,GAS,10,23.674
2024,Las Vegas Grand Prix,HAM,13,23.55
2024,Las Vegas Grand Prix,HAM,27,22.164
2024,Las Vegas Grand Prix,HUL,14,24.944
2024,Las Vegas Grand Prix,HUL,33,21.573
2024,Las Vegas Grand Prix,LAW,11,25.471
2024,Las Vegas Grand Prix,LAW,38,21.067
2024,Las Vegas Grand Prix,LEC,9,26.464
2024,Las Vegas Grand Prix,LEC,31,22.601
2024,Las Vegas Grand Prix,MAG,17,27.1
2024,Las Vegas Grand Prix,NOR,9,23.089
2024,Las Vegas Grand Prix,NOR,30,21.509
2024,Las Vegas Grand Prix,NOR,48,16.814
2024,Las Vegas Grand Prix,OCO,11,22.299
2024,Las Vegas Grand Prix,OCO,12,32.497
2024,Las Vegas Grand Prix,OCO,45,19.519
2024,Las Vegas Grand Prix,PER,17,28.2
2024,Las Vegas Grand Prix,PER,32,21.658
2024,Las Vegas Grand Prix,PIA,10,30.039
2024,Las Vegas Grand Prix,PIA,25,21.666
2024,Las Vegas Grand Prix,RUS,12,22.931
2024,Las Vegas Grand Prix,RUS,32,20.587
2024,Las Vegas Grand Prix,SAI,10,26.151
2024,Las Vegas Grand Prix,SAI,28,21.673
2024,Las Vegas Grand Prix,STR,9,37.304
2024,Las Vegas Grand Prix,STR,28,24.471
2024,Las Vegas Grand Prix,TSU,10,24.824
2024,Las Vegas Grand Prix,TSU,29,22.934
2024,Las Vegas Grand Prix,VER,11,24.012
2024,Las Vegas Grand Prix,VER,27,22.497
2024,Las Vegas Grand Prix,ZHO,11,27.017
2024,Las Vegas Grand Prix,ZHO,34,21.207
2024,Qatar Grand Prix,ALB,55,41.146
2024,Qatar Grand Prix,BOT,24,28.043
2024,Qatar Grand Prix,HAM,47,20.149
2024,Qatar Grand Prix,HUL,31,23.008
2024,Qatar Grand Prix,MAG,27,26.429
2024,Qatar Grand Prix,NOR,45,30.513
2024,Qatar Grand Prix,RUS,23,31.443
2024,Abu Dhabi Grand Prix,ALB,12,22.168
2024,Abu Dhabi Grand Prix,ALO,13,25.62
2024,Abu Dhabi Grand Prix,ALO,37,22.212
2024,Abu Dhabi Grand Prix,BOT,6,43.673
2024,Abu Dhabi Grand Prix,DOO,22,23.271
2024,Abu Dhabi Grand Prix,GAS,14,22.747
2024,Abu Dhabi Grand Prix,HAM,34,21.261
2024,Abu Dhabi Grand Prix,HUL,13,22.595
2024,Abu Dhabi Grand Prix,LAW,23,31.766
2024,Abu Dhabi Grand Prix,LAW,24,47.801
2024,Abu Dhabi Grand Prix,LAW,29,36.537
2024,Abu Dhabi Grand Prix,LEC,20,23.721
2024,Abu Dhabi Grand Prix,MAG,12,26.358
2024,Abu Dhabi Grand Prix,MAG,29,33.749
2024,Abu Dhabi Grand Prix,MAG,30,54.268
2024,Abu Dhabi Grand Prix,MAG,55,24.872
2024,Abu Dhabi Grand Prix,NOR,26,22.43
2024,Abu Dhabi Grand Prix,PIA,4,24.45
2024,Abu Dhabi Grand Prix,PIA,32,33.437
2024,Abu Dhabi Grand Prix,RUS,26,23.536
2024,Abu Dhabi Grand Prix,SAI,25,21.591
2024,Abu Dhabi Grand Prix,STR,11,24.782
2024,Abu Dhabi Grand Prix,STR,32,22.518
2024,Abu Dhabi Grand Prix,TSU,22,23.111
2024,Abu Dhabi Grand Prix,VER,29,33.461
2024,Abu Dhabi Grand Prix,ZHO,12,25.26
2024,Abu Dhabi Grand Prix,ZHO,39,28.314
2025,Australian Grand Prix,ALB,44,17.955
2025,Australian Grand Prix,ANT,44,21.251
2025,Australian Grand Prix,BEA,44,38.001
2025,Australian Grand Prix,BOR,44,22.181
2025,Australian Grand Prix,HUL,44,18.599
2025,Australian Grand Prix,NOR,44,22.09
2025,Australian Grand Prix,RUS,44,20.412
2025,Australian Grand Prix,STR,44,17.251
2025,Chinese Grand Prix,ALB,20,27.62
2025,Chinese Grand Prix,ANT,12,25.714
2025,Chinese Grand Prix,BEA,26,23.866
2025,Chinese Grand Prix,BOR,1,45.199
2025,Chinese Grand Prix,BOR,26,24.642
2025,Chinese Grand Prix,DOO,11,22.774
2025,Chinese Grand Prix,GAS,10,23.635
2025,Chinese Grand Prix,HAD,12,24.844
2025,Chinese Grand Prix,HAD,33,20.783
2025,Chinese Grand Prix,HAM,13,24.536
2025,Chinese Grand Prix,HAM,37,21.373
2025,Chinese Grand Prix,HUL,20,26.186
2025,Chinese Grand Prix,LAW,18,25.137
2025,Chinese Grand Prix,LAW,30,23.499
2025,Chinese Grand Prix,LEC,15,23.659
2025,Chinese Grand Prix,NOR,15,25.182
2025,Chinese Grand Prix,OCO,11,23.61
2025,Chinese Grand Prix,PIA,14,26.548
2025,Chinese Grand Prix,RUS,14,23.466
2025,Chinese Grand Prix,SAI,17,25.498
2025,Chinese Grand Prix,STR,36,20.537
2025,Chinese Grand Prix,TSU,11,24.587
2025,Chinese Grand Prix,TSU,35,21.924
2025,Chinese Grand Prix,TSU,46,47.017
2025,Chinese Grand Prix,VER,13,23.694
2025,Japanese Grand Prix,ALB,24,26.225
2025,Japanese Grand Prix,ALO,24,28.115
2025,Japanese Grand Prix,ANT,31,24.731
2025,Japanese Grand Prix,BEA,23,24.097
2025,Japanese Grand Prix,BOR,31,23.92
2025,Japanese Grand Prix,DOO,15,24.916
2025,Japanese Grand Prix,GAS,24,31.119
2025,Japanese Grand Prix,HAD,25,25.326
2025,Japanese Grand Prix,HAM,30,22.14
2025,Japanese Grand Prix,HUL,22,24.327
2025,Japanese Grand Prix,LAW,33,22.315
2025,Japanese Grand Prix,LEC,21,24.41
2025,Japanese Grand Prix,NOR,21,25.479
2025,Japanese Grand Prix,OCO,32,22.733
2025,Japanese Grand Prix,PIA,20,24.032
2025,Japanese Grand Prix,RUS,19,23.846
2025,Japanese Grand Prix,SAI,33,20.388
2025,Japanese Grand Prix,STR,9,25.081
2025,Japanese Grand Prix,STR,30,21.27
2025,Japanese Grand Prix,TSU,23,24.903
2025,Japanese Grand Prix,VER,21,24.606
2025,Bahrain Grand Prix,ALB,16,24.746
2025,Bahrain Grand Prix,ALO,16,24.49
2025,Bahrain Grand Prix,ANT,12,24.745
2025,Bahrain Grand Prix,ANT,27,23.851
2025,Bahrain Grand Prix,BEA,14,22.613
2025,Bahrain Grand Prix,BOR,13,23.543
2025,Bahrain Grand Prix,DOO,9,24.453
2025,Bahrain Grand Prix,DOO,28,22.762
2025,Bahrain Grand Prix,GAS,10,25.689
2025,Bahrain Grand Prix,GAS,28,22.963
2025,Bahrain Grand Prix,HAD,6,23.66
2025,Bahrain Grand Prix,HAD,28,22.764
2025,Bahrain Grand Prix,HAM,17,23.723
2025,Bahrain Grand Prix,HUL,5,21.586
2025,Bahrain Grand Prix,HUL,27,23.277
2025,Bahrain Grand Prix,LAW,14,26.768
2025,Bahrain Grand Prix,LEC,17,24.045
2025,Bahrain Grand Prix,NOR,10,28.811
2025,Bahrain Grand Prix,OCO,8,23.562
2025,Bahrain Grand Prix,OCO,27,23.769
2025,Bahrain Grand Prix,PIA,14,25.145
2025,Bahrain Grand Prix,RUS,13,23.526
2025,Bahrain Grand Prix,SAI,14,23.165
2025,Bahrain Grand Prix,SAI,44,38.175
2025,Bahrain Grand Prix,STR,12,22.305
2025,Bahrain Grand Prix,TSU,11,25.849
2025,Bahrain Grand Prix,VER,10,26.637
2025,Bahrain Grand Prix,VER,26,25.959
2025,Saudi Arabian Grand Prix,ALB,22,23.23
2025,Saudi Arabian Grand Prix,ALO,19,21.715
2025,Saudi Arabian Grand Prix,ANT,19,23.224
2025,Saudi Arabian Grand Prix,BEA,18,22.243
2025,Saudi Arabian Grand Prix,DOO,32,20.13
2025,Saudi Arabian Grand Prix,HAD,34,18.247
2025,Saudi Arabian Grand Prix,HAM,23,22.047
2025,Saudi Arabian Grand Prix,HUL,33,16.666
2025,Saudi Arabian Grand Prix,LAW,20,20.203
2025,Saudi Arabian Grand Prix,LEC,29,19.586
2025,Saudi Arabian Grand Prix,NOR,34,19.288
2025,Saudi Arabian Grand Prix,PIA,19,21.18
2025,Saudi Arabian Grand Prix,RUS,20,19.409
2025,Saudi Arabian Grand Prix,SAI,21,24.702
2025,Saudi Arabian Grand Prix,STR,39,18.952
2025,Saudi Arabian Grand Prix,VER,21,26.292
2025,Miami Grand Prix,ALB,26,19.822
2025,Miami Grand Prix,ANT,25,21.955
2025,Miami Grand Prix,BOR,19,18.206
2025,Miami Grand Prix,HAD,22,21.023
2025,Miami Grand Prix,HUL,36,16.404
2025,Miami Grand Prix,OCO,23,21.907
2025,Miami Grand Prix,SAI,25,19.944
2025,Miami Grand Prix,STR,20,19.476
2025,Miami Grand Prix,VER,26,19.704
2025,Emilia Romagna Grand Prix,ALO,12,26.573
2025,Emilia Romagna Grand Prix,BEA,31,55.121
2025,Emilia Romagna Grand Prix,BOR,12,29.746
2025,Emilia Romagna Grand Prix,COL,22,28.842
2025,Emilia Romagna Grand Prix,GAS,9,28.637
2025,Emilia Romagna Grand Prix,LAW,10,27.698
2025,Emilia Romagna Grand Prix,LEC,10,27.453
2025,Emilia Romagna Grand Prix,OCO,1,36.12
2025,Emilia Romagna Grand Prix,PIA,13,29.704
2025,Emilia Romagna Grand Prix,RUS,11,30.209
2025,Emilia Romagna Grand Prix,SAI,11,29.264
2025,Emilia Romagna Grand Prix,STR,14,28.199
2025,Monaco Grand Prix,ALB,32,21.058
2025,Monaco Grand Prix,ALB,40,19.382
2025,Monaco Grand Prix,ALO,16,20.385
2025,Monaco Grand Prix,ANT,69,15.789
2025,Monaco Grand Prix,ANT,71,12.686
2025,Monaco Grand Prix,BEA,17,19.554
2025,Monaco Grand Prix,BOR,26,19.956
2025,Monaco Grand Prix,BOR,35,17.426
2025,Monaco Grand Prix,COL,13,19.277
2025,Monaco Grand Prix,COL,26,19.107
2025,Monaco Grand Prix,HAD,14,19.366
2025,Monaco Grand Prix,HAD,19,18.022
2025,Monaco Grand Prix,HAM,18,18.516
2025,Monaco Grand Prix,HAM,56,23.646
2025,Monaco Grand Prix,HUL,12,18.006
2025,Monaco Grand Prix,HUL,44,17.679
2025,Monaco Grand Prix,LAW,31,19.084
2025,Monaco Grand Prix,LAW,40,19.702
2025,Monaco Grand Prix,LEC,22,21.973
2025,Monaco Grand Prix,LEC,49,18.539
2025,Monaco Grand Prix,NOR,19,19.813
2025,Monaco Grand Prix,NOR,50,18.656
2025,Monaco Grand Prix,OCO,16,19.076
2025,Monaco Grand Prix,OCO,28,18.828
2025,Monaco Grand Prix,PIA,20,21.508
2025,Monaco Grand Prix,PIA,48,19.263
2025,Monaco Grand Prix,RUS,53,11.757
2025,Monaco Grand Prix,RUS,62,14.881
2025,Monaco Grand Prix,RUS,68,12.238
2025,Monaco Grand Prix,SAI,48,17.709
2025,Monaco Grand Prix,SAI,53,18.019
2025,Monaco Grand Prix,STR,17,20.228
2025,Monaco Grand Prix,STR,64,17.961
2025,Monaco Grand Prix,TSU,73,13.771
2025,Monaco Grand Prix,VER,28,20.64
2025,Monaco Grand Prix,VER,77,20.52
2025,Spanish Grand Prix,ALB,6,29.998
2025,Spanish Grand Prix,ALB,26,48.161
2025,Spanish Grand Prix,ALO,15,25.013
2025,Spanish Grand Prix,ALO,42,20.754
2025,Spanish Grand Prix,ANT,21,24.582
2025,Spanish Grand Prix,ANT,49,22.66
2025,Spanish Grand Prix,BEA,8,20.135
2025,Spanish Grand Prix,BEA,35,22.022
2025,Spanish Grand Prix,BOR,19,26.16
2025,Spanish Grand Prix,BOR,49,19.421
2025,Spanish Grand Prix,COL,14,20.809
2025,Spanish Grand Prix,COL,39,20.958
2025,Spanish Grand Prix,GAS,10,21.146
2025,Spanish Grand Prix,GAS,31,22.444
2025,Spanish Grand Prix,HAD,19,23.401
2025,Spanish Grand Prix,HAD,48,20.466
2025,Spanish Grand Prix,HAM,16,24.421
2025,Spanish Grand Prix,HAM,46,23.806
2025,Spanish Grand Prix,HUL,9,21.648
2025,Spanish Grand Prix,HUL,45,21.643
2025,Spanish Grand Prix,LAW,18,24.543
2025,Spanish Grand Prix,LAW,44,21.382
2025,Spanish Grand Prix,LEC,17,24.178
2025,Spanish Grand Prix,LEC,40,24.174
2025,Spanish Grand Prix,NOR,21,24.699
2025,Spanish Grand Prix,NOR,48,20.394
2025,Spanish Grand Prix,OCO,20,24.824
2025,Spanish Grand Prix,OCO,43,20.488
2025,Spanish Grand Prix,PIA,22,23.804
2025,Spanish Grand Prix,PIA,49,20.82
2025,Spanish Grand Prix,RUS,20,22.431
2025,Spanish Grand Prix,RUS,41,18.873
2025,Spanish Grand Prix,SAI,9,31.49
2025,Spanish Grand Prix,SAI,34,23.305
2025,Spanish Grand Prix,TSU,8,23.521
2025,Spanish Grand Prix,TSU,24,22.228
2025,Spanish Grand Prix,TSU,44,23.208
2025,Spanish Grand Prix,VER,13,23.479
2025,Spanish Grand Prix,VER,29,21.037
2025,Spanish Grand Prix,VER,47,19.722
2025,Canadian Grand Prix,ALB,23,23.349
2025,Canadian Grand Prix,ALO,15,22.091
2025,Canadian Grand Prix,ALO,50,18.01
2025,Canadian Grand Prix,ANT,14,21.754
2025,Canadian Grand Prix,ANT,38,19.06
2025,Canadian Grand Prix,BEA,18,20.773
2025,Canadian Grand Prix,BOR,49,19.267
2025,Canadian Grand Prix,COL,14,21.09
2025,Canadian Grand Prix,GAS,53,16.937
2025,Canadian Grand Prix,HAD,13,22.281
2025,Canadian Grand Prix,HAM,15,22.751
2025,Canadian Grand Prix,HAM,45,18.37
2025,Canadian Grand Prix,HUL,19,20.464
2025,Canadian Grand Prix,LAW,38,19.326
2025,Canadian Grand Prix,LEC,28,19.539
2025,Canadian Grand Prix,LEC,53,18.749
2025,Canadian Grand Prix,NOR,29,19.581
2025,Canadian Grand Prix,NOR,47,18.792
2025,Canadian Grand Prix,OCO,57,20.497
2025,Canadian Grand Prix,PIA,16,21.294
2025,Canadian Grand Prix,PIA,45,18.015
2025,Canadian Grand Prix,RUS,13,19.956
2025,Canadian Grand Prix,RUS,42,19.679
2025,Canadian Grand Prix,SAI,57,17.569
2025,Canadian Grand Prix,STR,24,18.993
2025,Canadian Grand Prix,STR,51,28.074
2025,Canadian Grand Prix,TSU,56,19.278
2025,Canadian Grand Prix,VER,12,20.704
2025,Canadian Grand Prix,VER,37,19.189
2025,Austrian Grand Prix,ALB,13,19.319
2025,Austrian Grand Prix,ALO,33,21.947
2025,Austrian Grand Prix,BEA,11,20.33
2025,Austrian Grand Prix,BEA,39,19.954
2025,Austrian Grand Prix,BOR,21,22.715
2025,Austrian Grand Prix,BOR,49,21.927
2025,Austrian Grand Prix,COL,13,24.231
2025,Austrian Grand Prix,COL,39,21.073
2025,Austrian Grand Prix,GAS,12,23.136
2025,Austrian Grand Prix,GAS,38,21.717
2025,Austrian Grand Prix,HAD,28,20.488
2025,Austrian Grand Prix,HAM,26,21.348
2025,Austrian Grand Prix,HAM,50,19.484
2025,Austrian Grand Prix,HUL,12,20.992
2025,Austrian Grand Prix,HUL,42,19.913
2025,Austrian Grand Prix,LAW,32,23.1
2025,Austrian Grand Prix,LEC,25,22.857
2025,Austrian Grand Prix,LEC,49,21.682
2025,Austrian Grand Prix,NOR,20,22.515
2025,Austrian Grand Prix,NOR,52,20.795
2025,Austrian Grand Prix,OCO,19,23.046
2025,Austrian Grand Prix,OCO,50,20.715
2025,Austrian Grand Prix,PIA,24,24.018
2025,Austrian Grand Prix,PIA,53,20.306
2025,Austrian Grand Prix,RUS,18,22.007
2025,Austrian Grand Prix,RUS,45,19.943
2025,Austrian Grand Prix,STR,26,25.491
2025,Austrian Grand Prix,STR,53,20.687
2025,Austrian Grand Prix,TSU,18,21.022
2025,Austrian Grand Prix,TSU,30,34.867
2025,Austrian Grand Prix,TSU,60,32.991
2025,British Grand Prix,ALB,42,15.259
2025,British Grand Prix,ALO,11,29.704
2025,British Grand Prix,ALO,37,29.649
2025,British Grand Prix,BEA,10,25.71
2025,British Grand Prix,BEA,41,18.517
2025,British Grand Prix,GAS,11,29.093
2025,British Grand Prix,GAS,41,21.606
2025,British Grand Prix,HAM,11,31.039
2025,British Grand Prix,HAM,41,23.836
2025,British Grand Prix,HUL,9,24.373
2025,British Grand Prix,HUL,42,13.993
2025,British Grand Prix,LEC,10,22.259
2025,British Grand Prix,LEC,42,37.561
2025,British Grand Prix,NOR,11,35.914
2025,British Grand Prix,NOR,44,14.579
2025,British Grand Prix,OCO,42,24.394
2025,British Grand Prix,PIA,11,29.315
2025,British Grand Prix,PIA,43,24.342
2025,British Grand Prix,RUS,10,21.708
2025,British Grand Prix,RUS,38,33.11
2025,British Grand Prix,SAI,11,29.364
2025,British Grand Prix,SAI,41,15.877
2025,British Grand Prix,STR,10,20.038
2025,British Grand Prix,STR,41,18.442
2025,British Grand Prix,TSU,11,30.328
2025,British Grand Prix,TSU,41,38.046
2025,British Grand Prix,VER,11,29.585
2025,British Grand Prix,VER,41,19.423
2025,Belgian Grand Prix,ALB,12,45.181
2025,Belgian Grand Prix,ALO,11,46.966
2025,Belgian Grand Prix,ALO,29,18.521
2025,Belgian Grand Prix,ANT,12,42.948
2025,Belgian Grand Prix,ANT,30,17.239
2025,Belgian Grand Prix,BEA,12,45.113
2025,Belgian Grand Prix,BOR,12,45.368
2025,Belgian Grand Prix,COL,12,39.878
2025,Belgian Grand Prix,COL,28,18.278
2025,Belgian Grand Prix,GAS,11,49.498
2025,Belgian Grand Prix,HAD,13,40.69
2025,Belgian Grand Prix,HAD,20,23.282
2025,Belgian Grand Prix,HAM,11,48.116
2025,Belgian Grand Prix,HUL,11,45.133
2025,Belgian Grand Prix,HUL,32,19.358
2025,Belgian Grand Prix,LAW,12,46.411
2025,Belgian Grand Prix,LEC,12,48.967
2025,Belgian Grand Prix,NOR,13,41.049
2025,Belgian Grand Prix,OCO,13,45.609
2025,Belgian Grand Prix,PIA,12,43.374
2025,Belgian Grand Prix,RUS,12,45.685
2025,Belgian Grand Prix,SAI,12,45.157
2025,Belgian Grand Prix,SAI,26,20.513
2025,Belgian Grand Prix,STR,12,42.225
2025,Belgian Grand Prix,TSU,13,42.342
2025,Belgian Grand Prix,VER,12,49.089
2025,Hungarian Grand Prix,ALB,14,21.449
2025,Hungarian Grand Prix,ALB,38,21.398
2025,Hungarian Grand Prix,ALO,39,23.126
2025,Hungarian Grand Prix,ANT,21,24.604
2025,Hungarian Grand Prix,BEA,30,19.516
2025,Hungarian Grand Prix,BOR,40,19.691
2025,Hungarian Grand Prix,COL,13,31.667
2025,Hungarian Grand Prix,COL,35,26.73
2025,Hungarian Grand Prix,GAS,32,19.461
2025,Hungarian Grand Prix,HAD,33,18.96
2025,Hungarian Grand Prix,HAM,42,21.37
2025,Hungarian Grand Prix,HUL,5,21.908
2025,Hungarian Grand Prix,HUL,41,30.734
2025,Hungarian Grand Prix,LAW,40,20.255
2025,Hungarian Grand Prix,LEC,19,20.391
2025,Hungarian Grand Prix,LEC,40,18.759
2025,Hungarian Grand Prix,NOR,31,23.642
2025,Hungarian Grand Prix,OCO,14,22.575
2025,Hungarian Grand Prix,PIA,18,21.326
2025,Hungarian Grand Prix,PIA,45,19.629
2025,Hungarian Grand Prix,RUS,19,21.704
2025,Hungarian Grand Prix,RUS,43,19.893
2025,Hungarian Grand Prix,SAI,15,20.494
2025,Hungarian Grand Prix,SAI,51,18.811
2025,Hungarian Grand Prix,STR,36,20.301
2025,Hungarian Grand Prix,TSU,20,23.664
2025,Hungarian Grand Prix,TSU,37,20.608
2025,Hungarian Grand Prix,VER,17,20.906
2025,Hungarian Grand Prix,VER,48,18.553
2025,Dutch Grand Prix,ALO,18,17.66
2025,Dutch Grand Prix,ALO,40,15.995
2025,Dutch Grand Prix,ANT,51,15.735
2025,Dutch Grand Prix,BOR,60,17.946
2025,Dutch Grand Prix,COL,19,18.697
2025,Dutch Grand Prix,HUL,19,19.787
2025,Dutch Grand Prix,STR,8,18.945
2025,Dutch Grand Prix,TSU,19,20.404
2025,Italian Grand Prix,ALB,41,21.646
2025,Italian Grand Prix,ALO,20,24.686
2025,Italian Grand Prix,ANT,28,24.336
2025,Italian Grand Prix,BEA,18,27.5
2025,Italian Grand Prix,BOR,20,28.406
2025,Italian Grand Prix,COL,33,24.5
2025,Italian Grand Prix,GAS,49,22.65
2025,Italian Grand Prix,HAD,32,23.646
2025,Italian Grand Prix,HAM,38,23.047
2025,Italian Grand Prix,LAW,9,26.349
2025,Italian Grand Prix,LEC,33,23.729
2025,Italian Grand Prix,NOR,46,26.341
2025,Italian Grand Prix,OCO,51,30.522
2025,Italian Grand Prix,PIA,45,22.098
2025,Italian Grand Prix,RUS,27,25.23
2025,Italian Grand Prix,SAI,30,23.993
2025,Italian Grand Prix,STR,49,37.099
2025,Italian Grand Prix,TSU,19,26.087
2025,Italian Grand Prix,VER,37,24.001
2025,Azerbaijan Grand Prix,ALB,15,22.608
2025,Azerbaijan Grand Prix,ALO,21,27.203
2025,Azerbaijan Grand Prix,ANT,18,22.895
2025,Azerbaijan Grand Prix,BEA,28,21.965
2025,Azerbaijan Grand Prix,BOR,26,21.253
2025,Azerbaijan Grand Prix,COL,16,33.988
2025,Azerbaijan Grand Prix,GAS,35,20.953
2025,Azerbaijan Grand Prix,HAD,29,21.159
2025,Azerbaijan Grand Prix,HAM,36,18.504
2025,Azerbaijan Grand Prix,HUL,36,19.005
2025,Azerbaijan Grand Prix,LAW,20,22.21
2025,Azerbaijan Grand Prix,LEC,19,21.676
2025,Azerbaijan Grand Prix,NOR,37,20.001
2025,Azerbaijan Grand Prix,RUS,39,18.085
2025,Azerbaijan Grand Prix,SAI,27,21.838
2025,Azerbaijan Grand Prix,STR,37,22.358
2025,Azerbaijan Grand Prix,TSU,38,21.152
2025,Azerbaijan Grand Prix,VER,40,20.362
2025,Singapore Grand Prix,ALB,42,28.102
2025,Singapore Grand Prix,ALO,27,32.182
2025,Singapore Grand Prix,ANT,25,22.917
2025,Singapore Grand Prix,BEA,23,20.984
2025,Singapore Grand Prix,BOR,13,31.08
2025,Singapore Grand Prix,COL,14,21.535
2025,Singapore Grand Prix,GAS,24,22.064
2025,Singapore Grand Prix,GAS,51,23.322
2025,Singapore Grand Prix,HAD,20,24.094
2025,Singapore Grand Prix,HAM,24,25.294
2025,Singapore Grand Prix,HAM,46,19.401
2025,Singapore Grand Prix,HUL,25,21.966
2025,Singapore Grand Prix,HUL,44,47.599
2025,Singapore Grand Prix,LAW,48,25.297
2025,Singapore Grand Prix,LEC,21,23.043
2025,Singapore Grand Prix,NOR,26,21.293
2025,Singapore Grand Prix,OCO,30,22.278
2025,Singapore Grand Prix,PIA,27,25.563
2025,Singapore Grand Prix,RUS,25,23.161
2025,Singapore Grand Prix,SAI,50,20.378
2025,Singapore Grand Prix,STR,38,22.852
2025,Singapore Grand Prix,TSU,13,25.431
2025,Singapore Grand Prix,VER,19,23.396
2025,United States Grand Prix,ALB,36,20.27
2025,United States Grand Prix,ALO,30,21.555
2025,United States Grand Prix,ANT,31,25.05
2025,United States Grand Prix,BEA,30,19.37
2025,United States Grand Prix,BOR,14,22.637
2025,United States Grand Prix,BOR,36,18.846
2025,United States Grand Prix,COL,32,20.93
2025,United States Grand Prix,GAS,27,22.266
2025,United States Grand Prix,HAD,28,19.537
2025,United States Grand Prix,HAM,31,21.645
2025,United States Grand Prix,HUL,33,20.053
2025,United States Grand Prix,LAW,30,19.781
2025,United States Grand Prix,LEC,22,23.395
2025,United States Grand Prix,NOR,32,21.883
2025,United States Grand Prix,OCO,24,22.815
2025,United States Grand Prix,PIA,30,20.671
2025,United States Grand Prix,RUS,33,19.18
2025,United States Grand Prix,STR,28,20.714
2025,United States Grand Prix,TSU,29,22.608
2025,United States Grand Prix,VER,33,20.822
2025,Mexico City Grand Prix,ALB,41,19.445
2025,Mexico City Grand Prix,ALO,20,26.313
2025,Mexico City Grand Prix,ANT,22,21.748
2025,Mexico City Grand Prix,ANT,47,23.698
2025,Mexico City Grand Prix,BEA,24,22.902
2025,Mexico City Grand Prix,BEA,48,20.254
2025,Mexico City Grand Prix,BOR,37,19.46
2025,Mexico City Grand Prix,COL,48,20.598
2025,Mexico City Grand Prix,GAS,33,22.486
2025,Mexico City Grand Prix,HAD,34,21.323
2025,Mexico City Grand Prix,HAM,23,36.249
2025,Mexico City Grand Prix,HAM,47,23.144
2025,Mexico City Grand Prix,LEC,31,24.358
2025,Mexico City Grand Prix,NOR,34,23.269
2025,Mexico City Grand Prix,OCO,27,23.579
2025,Mexico City Grand Prix,PIA,24,23.498
2025,Mexico City Grand Prix,PIA,47,20.976
2025,Mexico City Grand Prix,RUS,25,22.552
2025,Mexico City Grand Prix,RUS,48,20.23
2025,Mexico City Grand Prix,SAI,17,24.331
2025,Mexico City Grand Prix,SAI,46,28.443
2025,Mexico City Grand Prix,SAI,56,15.811
2025,Mexico City Grand Prix,STR,26,23.455
2025,Mexico City Grand Prix,STR,43,22.705
2025,Mexico City Grand Prix,TSU,36,31.207
2025,Mexico City Grand Prix,VER,37,22.476
2025,São Paulo Grand Prix,ALB,35,22.35
2025,São Paulo Grand Prix,ALB,55,19.457
2025,São Paulo Grand Prix,ALO,28,24.335
2025,São Paulo Grand Prix,ALO,46,21.411
2025,São Paulo Grand Prix,ANT,21,23.542
2025,São Paulo Grand Prix,ANT,47,23.506
2025,São Paulo Grand Prix,BEA,17,23.16
2025,São Paulo Grand Prix,BEA,42,23.042
2025,São Paulo Grand Prix,COL,29,23.121
2025,São Paulo Grand Prix,COL,43,25.03
2025,São Paulo Grand Prix,GAS,18,22.327
2025,São Paulo Grand Prix,GAS,39,21.31
2025,São Paulo Grand Prix,HAD,18,24.738
2025,São Paulo Grand Prix,HAD,37,21.334
2025,São Paulo Grand Prix,HAM,14,21.823
2025,São Paulo Grand Prix,HAM,32,30.43
2025,São Paulo Grand Prix,HUL,36,20.744
2025,São Paulo Grand Prix,LAW,19,21.694
2025,São Paulo Grand Prix,NOR,30,22.988
2025,São Paulo Grand Prix,NOR,50,21.736
2025,São Paulo Grand Prix,OCO,47,22.928
2025,São Paulo Grand Prix,PIA,38,35.242
2025,São Paulo Grand Prix,PIA,51,21.218
2025,São Paulo Grand Prix,RUS,34,22.379
2025,São Paulo Grand Prix,RUS,48,20.683
2025,São Paulo Grand Prix,SAI,17,24.637
2025,São Paulo Grand Prix,SAI,38,19.465
2025,São Paulo Grand Prix,STR,29,23.488
2025,São Paulo Grand Prix,STR,54,21.002
2025,São Paulo Grand Prix,TSU,24,34.159
2025,São Paulo Grand Prix,TSU,47,32.331
2025,São Paulo Grand Prix,VER,34,23.001
2025,São Paulo Grand Prix,VER,54,20.151
2025,Las Vegas Grand Prix,ALB,13,33.608
2025,Las Vegas Grand Prix,ALB,34,39.089
2025,Las Vegas Grand Prix,BEA,17,23.59
2025,Las Vegas Grand Prix,COL,25,22.941
2025,Las Vegas Grand Prix,HAD,20,23.834
2025,Las Vegas Grand Prix,HAM,29,24.631
2025,Las Vegas Grand Prix,HUL,30,21.795
2025,Las Vegas Grand Prix,LAW,28,22.567
2025,Las Vegas Grand Prix,LEC,24,21.783
2025,Las Vegas Grand Prix,NOR,22,21.797
2025,Las Vegas Grand Prix,OCO,27,23.485
2025,Las Vegas Grand Prix,PIA,21,21.522
2025,Las Vegas Grand Prix,RUS,17,20.637
2025,Las Vegas Grand Prix,SAI,22,24.698
2025,Las Vegas Grand Prix,TSU,27,20.322
2025,Las Vegas Grand Prix,VER,25,21.261
2025,Qatar Grand Prix,ALB,32,24.722
2025,Qatar Grand Prix,ALO,32,26.95
2025,Qatar Grand Prix,ANT,32,26.847
2025,Qatar Grand Prix,BEA,32,41.023
2025,Qatar Grand Prix,BEA,40,36.191
2025,Qatar Grand Prix,BOR,32,24.836
2025,Qatar Grand Prix,COL,32,25.282
2025,Qatar Grand Prix,GAS,32,30.749
2025,Qatar Grand Prix,HAD,32,24.865
2025,Qatar Grand Prix,HAM,32,25.035
2025,Qatar Grand Prix,LAW,32,26.122
2025,Qatar Grand Prix,LEC,32,25.776
2025,Qatar Grand Prix,NOR,25,27.339
2025,Qatar Grand Prix,NOR,44,26.08
2025,Qatar Grand Prix,OCO,34,25.315
2025,Qatar Grand Prix,PIA,24,28.535
2025,Qatar Grand Prix,PIA,42,25.453
2025,Qatar Grand Prix,RUS,32,25.848
2025,Qatar Grand Prix,SAI,32,25.753
2025,Qatar Grand Prix,STR,24,26.726
2025,Qatar Grand Prix,STR,49,29.724
2025,Qatar Grand Prix,TSU,32,25.034
2025,Qatar Grand Prix,VER,32,25.429
2025,Abu Dhabi Grand Prix,ALB,8,21.819
2025,Abu Dhabi Grand Prix,ALB,33,20.978
2025,Abu Dhabi Grand Prix,ALO,16,23.239
2025,Abu Dhabi Grand Prix,ANT,32,23.322
2025,Abu Dhabi Grand Prix,BEA,14,23.367
2025,Abu Dhabi Grand Prix,BOR,15,21.37
2025,Abu Dhabi Grand Prix,COL,15,24.499
2025,Abu Dhabi Grand Prix,COL,40,23.581
2025,Abu Dhabi Grand Prix,GAS,13,25.266
2025,Abu Dhabi Grand Prix,GAS,40,22.437
2025,Abu Dhabi Grand Prix,HAD,14,22.72
2025,Abu Dhabi Grand Prix,HAM,8,21.989
2025,Abu Dhabi Grand Prix,HAM,31,21.351
2025,Abu Dhabi Grand Prix,HUL,7,21.282
2025,Abu Dhabi Grand Prix,HUL,42,20.243
2025,Abu Dhabi Grand Prix,LAW,21,34.047
2025,Abu Dhabi Grand Prix,LEC,16,25.187
2025,Abu Dhabi Grand Prix,LEC,39,21.397
2025,Abu Dhabi Grand Prix,NOR,16,25.46
2025,Abu Dhabi Grand Prix,NOR,40,21.754
2025,Abu Dhabi Grand Prix,OCO,19,23.512
2025,Abu Dhabi Grand Prix,PIA,41,22.568
2025,Abu Dhabi Grand Prix,RUS,14,22.758
2025,Abu Dhabi Grand Prix,SAI,18,23.095
2025,Abu Dhabi Grand Prix,STR,42,21.11
2025,Abu Dhabi Grand Prix,TSU,32,26.665
2025,Abu Dhabi Grand Prix,VER,23,23.438
2026,Australian Grand Prix,COL,9,31.427
2026,Australian Grand Prix,COL,46,21.954
2026,Australian Grand Prix,HAM,28,22.079
2026,Australian Grand Prix,LEC,25,20.803
2026,Australian Grand Prix,PER,43,23.281
2026,Australian Grand Prix,SAI,45,36.584
2026,Australian Grand Prix,STR,26,41.484
2026,Australian Grand Prix,STR,39,23.965
2026,Australian Grand Prix,VER,41,19.785
2026,Chinese Grand Prix,ALO,31,33.229
2026,Chinese Grand Prix,COL,32,30.169
2026,Chinese Grand Prix,HAD,1,47.764
2026,Chinese Grand Prix,HUL,35,40.347
2026,Chinese Grand Prix,LIN,42,23.579
2026,Chinese Grand Prix,OCO,29,26.849
2026,Chinese Grand Prix,OCO,46,47.723
2026,Japanese Grand Prix,ALB,45,20.713
2026,Japanese Grand Prix,ALB,46,40.609
2026,Japanese Grand Prix,ALB,47,43.577
2026,Japanese Grand Prix,ALB,48,53.296
2026,Japanese Grand Prix,ALB,49,52.327
2026,Japanese Grand Prix,BEA,16,22.808
2026,Japanese Grand Prix,BOT,19,27.494
2026,Japanese Grand Prix,COL,17,24.847
2026,Japanese Grand Prix,HAD,19,22.142
2026,Japanese Grand Prix,LEC,17,23.955
2026,Japanese Grand Prix,LIN,18,27.08
2026,Japanese Grand Prix,NOR,16,24.441
2026,Japanese Grand Prix,OCO,19,25.998
2026,Japanese Grand Prix,PIA,18,24.44
2026,Miami Grand Prix,ALB,27,18.83
2026,Miami Grand Prix,ALO,41,18.36
2026,Miami Grand Prix,ANT,26,18.493
2026,Miami Grand Prix,BEA,26,19.017
2026,Miami Grand Prix,BOR,32,19.417
2026,Miami Grand Prix,BOT,21,19.163
2026,Miami Grand Prix,BOT,30,16.081
2026,Miami Grand Prix,COL,31,20.256
2026,Miami Grand Prix,HAM,27,19.927
2026,Miami Grand Prix,LEC,21,21.493
2026,Miami Grand Prix,LIN,28,19.808
2026,Miami Grand Prix,NOR,27,20.333
2026,Miami Grand Prix,OCO,31,19.823
2026,Miami Grand Prix,PER,29,19.294
2026,Miami Grand Prix,PIA,28,19.993
2026,Miami Grand Prix,RUS,20,18.241
2026,Miami Grand Prix,SAI,28,19.926
2026,Miami Grand Prix,STR,21,20.381
2026,Miami Grand Prix,STR,37,18.98
2026,Canadian Grand Prix,ALO,20,20.236
2026,Canadian Grand Prix,BOR,2,39.318
2026,Canadian Grand Prix,BOR,18,24.345
2026,Canadian Grand Prix,BOT,3,35.576
2026,Canadian Grand Prix,BOT,9,26.447
2026,Canadian Grand Prix,HAD,62,29.899
2026,Canadian Grand Prix,HUL,2,33.946
2026,Canadian Grand Prix,HUL,20,28.706
2026,Canadian Grand Prix,NOR,2,27.846
2026,Canadian Grand Prix,NOR,15,27.947
2026,Canadian Grand Prix,OCO,16,26.428
2026,Canadian Grand Prix,PER,2,34.979
2026,Canadian Grand Prix,PER,15,23.221
2026,Canadian Grand Prix,PIA,1,36.149
2026,Canadian Grand Prix,PIA,12,39.535
2026,Canadian Grand Prix,SAI,2,34.565
2026,Canadian Grand Prix,STR,14,20.928
2026,Monaco Grand Prix,ALB,43,23.081
2026,Monaco Grand Prix,ALO,3,23.787
2026,Monaco Grand Prix,ANT,37,22.521
2026,Monaco Grand Prix,BEA,1,45.475
2026,Monaco Grand Prix,BOR,1,45.812
2026,Monaco Grand Prix,BOR,43,21.986
2026,Monaco Grand Prix,BOT,1,39.69
2026,Monaco Grand Prix,COL,35,22.418
2026,Monaco Grand Prix,GAS,45,24.06
2026,Monaco Grand Prix,HAD,32,25.637
2026,Monaco Grand Prix,HAM,28,20.989
2026,Monaco Grand Prix,HUL,12,15.812
2026,Monaco Grand Prix,LAW,44,24.903
2026,Monaco Grand Prix,LEC,35,25.835
2026,Monaco Grand Prix,OCO,9,20.564
2026,Monaco Grand Prix,PER,4,22.875
2026,Monaco Grand Prix,PER,9,14.484
2026,Monaco Grand Prix,PIA,48,23.937
2026,Monaco Grand Prix,RUS,31,20.299
2026,Monaco Grand Prix,RUS,72,14.344
2026,Monaco Grand Prix,SAI,52,20.127
2026,Monaco Grand Prix,STR,4,23.865
2026,Barcelona Grand Prix,ALB,13,26.119
2026,Barcelona Grand Prix,ALB,29,25.381
2026,Barcelona Grand Prix,ALO,21,26.39
2026,Barcelona Grand Prix,ANT,14,23.623
2026,Barcelona Grand Prix,ANT,37,21.507
2026,Barcelona Grand Prix,BEA,18,26.209
2026,Barcelona Grand Prix,BOR,15,26.238
2026,Barcelona Grand Prix,BOR,33,25.262
2026,Barcelona Grand Prix,BOR,53,25.368
2026,Barcelona Grand Prix,BOT,14,38.648
2026,Barcelona Grand Prix,COL,12,24.876
2026,Barcelona Grand Prix,COL,34,22.617
2026,Barcelona Grand Prix,GAS,14,23.938
2026,Barcelona Grand Prix,HAD,15,24.321
2026,Barcelona Grand Prix,HAD,32,22.731
2026,Barcelona Grand Prix,HAD,58,22.111
2026,Barcelona Grand Prix,HAM,11,25.809
2026,Barcelona Grand Prix,HAM,27,24.062
2026,Barcelona Grand Prix,HUL,13,25.204
2026,Barcelona Grand Prix,LAW,11,27.197
2026,Barcelona Grand Prix,LAW,35,24.389
2026,Barcelona Grand Prix,LEC,16,24.386
2026,Barcelona Grand Prix,LIN,22,25.886
2026,Barcelona Grand Prix,LIN,37,22.798
2026,Barcelona Grand Prix,NOR,13,23.789
2026,Barcelona Grand Prix,NOR,35,22.553
2026,Barcelona Grand Prix,OCO,13,25.592
2026,Barcelona Grand Prix,OCO,34,27.665
2026,Barcelona Grand Prix,OCO,58,22.845
2026,Barcelona Grand Prix,PER,12,26.376
2026,Barcelona Grand Prix,PER,31,25.604
2026,Barcelona Grand Prix,PIA,14,25.581
2026,Barcelona Grand Prix,PIA,36,23.582
2026,Barcelona Grand Prix,RUS,12,23.886
2026,Barcelona Grand Prix,RUS,36,22.827
2026,Barcelona Grand Prix,SAI,14,25.585
2026,Barcelona Grand Prix,SAI,30,24.624
2026,Barcelona Grand Prix,SAI,55,23.673
2026,Barcelona Grand Prix,VER,12,25.349
2026,Barcelona Grand Prix,VER,29,25.514
2026,Austrian Grand Prix,ALB,18,22.5
2026,Austrian Grand Prix,ALB,37,21.688
2026,Austrian Grand Prix,BEA,45,20.646
2026,Austrian Grand Prix,BOR,17,22.338
2026,Austrian Grand Prix,BOR,44,21.023
2026,Austrian Grand Prix,COL,20,24.152
2026,Austrian Grand Prix,COL,46,21.508
2026,Austrian Grand Prix,GAS,13,23.773
2026,Austrian Grand Prix,GAS,38,21.386
2026,Austrian Grand Prix,HAD,18,22.019
2026,Austrian Grand Prix,HAD,40,19.458
2026,Austrian Grand Prix,HAM,12,22.926
2026,Austrian Grand Prix,HAM,42,20.683
2026,Austrian Grand Prix,HUL,21,22.528
2026,Austrian Grand Prix,HUL,45,20.695
2026,Austrian Grand Prix,LAW,19,23.374
2026,Austrian Grand Prix,LAW,45,21.438
2026,Austrian Grand Prix,LEC,13,23.562
2026,Austrian Grand Prix,LEC,37,22.77
2026,Austrian Grand Prix,LEC,59,23.926
2026,Austrian Grand Prix,LIN,18,21.525
2026,Austrian Grand Prix,LIN,46,21.99
2026,Austrian Grand Prix,NOR,21,24.203
2026,Austrian Grand Prix,NOR,47,21.285
2026,Austrian Grand Prix,OCO,18,23.793
2026,Austrian Grand Prix,OCO,33,25.286
2026,Austrian Grand Prix,PIA,19,23.934
2026,Austrian Grand Prix,PIA,42,20.719
2026,Austrian Grand Prix,RUS,19,22.834
2026,Austrian Grand Prix,RUS,43,20.737
2026,Austrian Grand Prix,SAI,14,21.878
2026,Austrian Grand Prix,VER,18,21.574
2026,Austrian Grand Prix,VER,49,20.918
2026,British Grand Prix,ALB,14,33.939
2026,British Grand Prix,ALB,23,34.13
2026,British Grand Prix,ALB,40,21.471
2026,British Grand Prix,ANT,35,18.686
2026,British Grand Prix,ANT,41,46.798
2026,British Grand Prix,ANT,43,33.088
2026,British Grand Prix,BEA,29,19.521
2026,British Grand Prix,BOR,26,18.458
2026,British Grand Prix,BOT,29,22.17
2026,British Grand Prix,GAS,23,26.506
2026,British Grand Prix,HAD,19,21.784
2026,British Grand Prix,HAM,23,25.841
2026,British Grand Prix,HUL,17,20.448
2026,British Grand Prix,HUL,34,23.328
2026,British Grand Prix,LAW,28,18.411
2026,British Grand Prix,LEC,25,19.429
2026,British Grand Prix,LIN,27,18.731
2026,British Grand Prix,NOR,28,19.357
2026,British Grand Prix,PIA,2,58.193
2026,British Grand Prix,RUS,23,18.715
2026,British Grand Prix,RUS,34,18.533
2026,British Grand Prix,STR,18,18.655
2026,British Grand Prix,VER,17,19.589
